agent_id,profile,is_fraud,initial_balance
0,retail,False,999013337.7441424
1,retail,False,999077097.1645123
2,merchant,False,15088.75714347919
3,retail,False,999057702.4020244
4,retail,False,999033270.0629793
5,p2p_broker,False,15573.132036081017
6,retail,False,999045536.8281813
7,retail,False,999078782.0208559
8,retail,False,999060481.4694988
9,retail,False,999006269.5591569
10,retail,False,999054032.6314791
11,merchant,False,11540.122643974166
12,retail,False,999042008.1056668
13,merchant,False,11550.769472975808
14,retail,True,6090.384536007133
15,retail,False,1155.895339150251
16,retail,True,755.0097551694131
17,retail,True,9719.257838860776
18,merchant,False,14136.97500487815
19,retail,False,35770.75036522149
20,retail,False,3496.457077325286
21,retail,False,2698.7746085168187
22,p2p_broker,False,370.0303724903424
23,merchant,False,15613.094711976895
24,retail,True,1520.5761573572934
25,retail,False,11375.704109021335
26,retail,True,892.446312292826
27,retail,False,1318.833685526884
28,retail,False,6452.328658357713
29,retail,False,709.0461916438301
30,retail,False,1413.9895568853485
31,p2p_broker,False,222.50426449935821
32,retail,False,4618.9577843302395
33,retail,True,496.24644174652326
34,retail,False,5077.741715027729
35,retail,True,8565.703859061641
36,retail,False,914.1601922950817
37,retail,False,19452.76643559191
38,retail,True,6847.138026451823
39,retail,False,9219.155558476072
40,retail,False,16889.88149746403
41,merchant,False,29789.857706142615
42,retail,True,2971.0559140291384
43,retail,False,67.33803275846208
44,merchant,False,276.1637670861537
45,merchant,False,38224.34470767081
46,retail,True,734.2159755137188
47,retail,False,1609.6450500517929
48,retail,False,201.83263781039943
49,retail,False,3178.659737598922
50,retail,False,199.64676193797177
51,retail,False,5768.742832442421
52,retail,True,9077.986300941466
53,retail,False,1059.8242237901582
54,retail,False,716.6207730429352
55,retail,False,3486.731813834174
56,retail,False,2412.5854820653485
57,retail,False,10383.065392961553
58,retail,False,992.3295688067506
59,retail,False,5161.190440166496
60,retail,False,7416.1183329849155
61,retail,False,839.1448614724305
62,retail,False,1918.8999078641777
63,retail,False,3896.6765665547873
64,retail,False,4881.808955009788
65,retail,False,4637.07538477405
66,retail,False,6322.999988652252
67,retail,False,1704.5520194185165
68,retail,False,20643.07906533374
69,retail,False,4700.218122321499
70,retail,False,20.538661921040827
71,retail,False,13629.643239289197
72,merchant,False,11406.989656970081
73,retail,False,37631.020271358124
74,retail,False,4724.925008764678
75,retail,False,5365.905883806169
76,retail,False,4746.156664102945
77,retail,False,3304.1914505147665
78,retail,False,9203.828457928374
79,retail,True,19169.332821902968
80,retail,True,5780.500343466784
81,retail,False,2670.6218858421876
82,merchant,False,8369.489564734955
83,retail,False,675.4089363782665
84,retail,False,161.1857720517911
85,retail,True,5910.130228405828
86,retail,False,906.6257183556073
87,retail,False,3560.2195772052173
88,retail,True,9801.38226140625
89,retail,False,894.6034266679562
90,retail,False,7728.854369030416
91,retail,False,20.27761230431416
92,retail,True,323.95994736252715
93,retail,False,108.10632497420707
94,retail,False,7900.315959300884
95,retail,False,3945.3786945543793
96,retail,False,31.430912992202025
97,retail,False,9108.410446723228
98,retail,False,2278.743282233158
99,p2p_broker,False,5979.20699648586
100,merchant,False,6900.549964035559
101,retail,True,269.23464314315345
102,retail,False,221.18231720389622
103,p2p_broker,False,7721.421419984031
104,retail,False,913.4590764498013
105,retail,False,977.4898336486275
106,retail,True,15275.725782153744
107,retail,False,129.64644809406343
108,retail,False,5069.554404075093
109,merchant,False,8106.378244855048
110,retail,False,825.4204919906532
111,retail,False,489.51642924357924
112,retail,False,2447.7398152601318
113,retail,False,633.096703316571
114,retail,False,2402.2895709421546
115,merchant,False,42835.35270016258
116,retail,False,3843.67250455723
117,retail,False,4359.211284570137
118,retail,False,3861.362018350428
119,retail,False,1727.202606034261
120,retail,False,5365.543024411734
121,retail,False,17366.18696182584
122,retail,False,260.2295936115911
123,retail,False,7182.352562865703
124,retail,True,259.45888939111444
125,retail,False,3763.467298547277
126,retail,True,6791.269449513431
127,retail,False,4496.046740722936
128,retail,False,982.5325085464183
129,retail,False,1265.9149333492926
130,retail,False,1511.626038964169
131,merchant,False,3292.827823766777
132,retail,False,1077.6292444870348
133,retail,False,3946.908569778136
134,retail,False,8451.313673946313
135,retail,True,1363.3619621539299
136,p2p_broker,False,5979.762995675061
137,retail,False,288.48485893090975
138,retail,False,814.1092715462496
139,retail,False,156.04240114676827
140,retail,True,1702.0137998347207
141,retail,False,46822.41024969208
142,merchant,False,15433.04245937495
143,retail,False,314.4168193795102
144,retail,False,8055.1002403220045
145,retail,False,1939.989635945627
146,retail,False,6630.519551861212
147,retail,True,5618.756232095465
148,retail,False,2504.3153306057325
149,retail,False,5965.197119084257
150,merchant,False,3314.063396822453
151,merchant,False,1768.1931068970366
152,retail,False,17881.129873446116
153,retail,False,13435.550691253742
154,retail,False,1125.9248088714285
155,retail,False,4775.145898807868
156,retail,False,5271.471459352231
157,retail,False,3171.138550558912
158,retail,True,2989.5441655560494
159,retail,False,203.72531701414565
160,retail,False,1757.387931632201
161,merchant,False,4790.034653115948
162,retail,True,1207.2590516745897
163,retail,True,1371.590922763785
164,retail,False,410.124201832146
165,retail,False,14842.823920162411
166,merchant,False,3067.7784176858927
167,merchant,False,2770.513591310767
168,retail,True,419.1668011026979
169,p2p_broker,False,4724.744787682199
170,retail,False,323.02539092791903
171,retail,False,5634.6221738811455
172,retail,False,930.3660314191305
173,merchant,False,9840.553793221103
174,retail,False,12321.090037079519
175,retail,False,5199.430205280347
176,retail,False,929.8146573641721
177,escrow,False,3847.6929088159086
178,merchant,False,954.4189721425287
179,retail,False,281.97540946253287
180,merchant,False,243.5383080693382
181,merchant,False,14418.695752286027
182,retail,True,6728.72553905299
183,retail,False,1415.8712169122978
184,retail,False,775.1972319622387
185,retail,False,3054.632360429734
186,retail,False,8257.067044034731
187,retail,False,1536.4034554398847
188,retail,False,1425.16808111572
189,retail,False,61.26446380398097
190,merchant,False,7216.567710068153
191,retail,False,2945.5553657346813
192,retail,False,118.37541456875654
193,merchant,False,7496.700541953538
194,retail,False,381.2076584261351
195,retail,False,5510.5646668845175
196,retail,True,5706.360796063103
197,merchant,False,15289.073706061861
198,retail,True,2418.45320584779
199,retail,False,2757.235639442405
200,retail,False,7179.023610460495
201,p2p_broker,False,3390.2045687623277
202,retail,False,1774.3341328826696
203,retail,False,5168.864261532613
204,retail,False,6024.86513994898
205,retail,False,1178.0492076370708
206,retail,False,4098.883350019404
207,retail,False,6136.41844148575
208,retail,False,14301.321499235662
209,retail,False,2678.2478039906873
210,retail,False,4813.472458811218
211,retail,False,364.5689184250412
212,retail,True,4815.569677201459
213,merchant,False,37707.25842881383
214,retail,False,5513.152501066307
215,retail,True,1716.844813869489
216,retail,False,7360.5568862490145
217,retail,True,7271.078514161558
218,merchant,False,20446.071633386997
219,retail,False,1285.8745619882777
220,retail,False,15301.87503135208
221,retail,False,4720.507700752974
222,retail,False,6470.432731105431
223,p2p_broker,False,5534.162973422512
224,retail,False,5767.81618310712
225,merchant,False,8118.108260955841
226,retail,False,8612.214011818789
227,retail,False,58.55459071787374
228,retail,False,2770.162515631057
229,retail,False,10312.609131434398
230,retail,False,8278.021909413836
231,retail,True,7373.2538429402175
232,p2p_broker,False,2614.173958635609
233,retail,False,3003.4308784270875
234,merchant,False,1789.226423444689
235,merchant,False,11248.371908062742
236,retail,False,8394.695691062298
237,retail,False,1465.2372860398423
238,retail,False,248.52245377433104
239,retail,False,2876.0707097444297
240,merchant,False,34642.45638031359
241,retail,False,2623.389678397578
242,retail,False,5191.410644214628
243,retail,False,49.07924862923562
244,retail,False,2611.71293065541
245,merchant,False,34796.72251265834
246,retail,False,1214.8645447511335
247,retail,False,4305.432869362296
248,retail,False,845.7233658905402
249,retail,False,2095.3939158662356
250,retail,False,6062.535450723352
251,merchant,False,6190.276308705833
252,retail,False,1417.919821886924
253,retail,False,9458.26549876741
254,retail,True,3243.71272295235
255,retail,False,1974.9755973762499
256,merchant,False,4363.599865740354
257,retail,False,1246.3609225642367
258,retail,False,2978.7182411145136
259,retail,False,1044.4697630095236
260,retail,True,2466.0946623195628
261,merchant,False,3220.499352657004
262,retail,False,12589.933068922563
263,retail,False,6162.551905504866
264,merchant,False,24494.804508755482
265,retail,False,1264.2600076589915
266,retail,False,4588.10020355272
267,retail,False,11551.6507246792
268,retail,False,14780.224081526962
269,retail,False,155.4061632724599
270,retail,False,3152.3457664925227
271,retail,False,10788.5726205471
272,retail,False,599.0555614773011
273,retail,False,4029.047837158712
274,retail,False,3824.5113551309764
275,retail,False,4751.054679636993
276,retail,False,7865.689734750364
277,retail,False,3655.0500587878673
278,merchant,False,469.91359363411266
279,merchant,False,14533.81655108784
280,retail,False,59776.04087179344
281,retail,False,1788.6359700051992
282,retail,False,7577.5064667719025
283,retail,False,7381.566861850306
284,retail,False,7204.90245231812
285,retail,False,7601.565032994787
286,retail,False,5110.868201852352
287,retail,False,13671.48612840142
288,retail,False,6238.989620837758
289,retail,False,1101.6987258672343
290,merchant,False,2204.584011161229
291,retail,True,5091.441947661545
292,merchant,False,1747.4567100636586
293,retail,False,8690.703816060244
294,merchant,False,9276.933584378872
295,merchant,False,34491.896325426555
296,p2p_broker,False,3656.7413048308063
297,merchant,False,30839.771124055587
298,retail,False,28509.5134149852
299,retail,False,4093.683507516149
300,retail,False,1531.4928205820645
301,retail,False,5866.664030164953
302,retail,False,2235.4363077592325
303,retail,False,2691.321949934587
304,merchant,False,95253.97281866151
305,retail,False,9406.421280740213
306,retail,False,459.5763919320668
307,retail,False,14928.836166657597
308,retail,True,12449.647648050926
309,retail,False,439.50253253145615
310,retail,False,15758.400237304999
311,retail,False,2180.013729480378
312,retail,False,1164.6177652560896
313,retail,False,9585.386553355977
314,retail,False,15488.656772042194
315,retail,False,4526.463710748827
316,retail,False,1508.4672880020782
317,retail,False,9893.72891175124
318,retail,False,2893.643448754833
319,merchant,False,39489.80055718971
320,merchant,False,3945.4226106695096
321,retail,False,461.20774665588334
322,retail,False,685.0444724757284
323,retail,True,1029.2521927862551
324,merchant,False,5050.823642962547
325,retail,False,13581.271237752395
326,merchant,False,1327.4963028071388
327,retail,False,1458.5912542189844
328,retail,False,130.54672448186517
329,retail,False,40524.906782760234
330,retail,True,7751.196126470978
331,retail,False,2138.504896891109
332,retail,False,769.2884871644688
333,merchant,False,4609.651878379145
334,retail,True,216.46866969997245
335,retail,False,10616.388710045281
336,retail,False,2837.935457370395
337,retail,False,3919.5454800637312
338,retail,False,8175.955304571598
339,merchant,False,12337.755466400513
340,retail,False,228.646259920356
341,p2p_broker,False,3519.370746027803
342,merchant,False,4151.027020058455
343,retail,False,114.58509037360959
344,retail,False,214.02902353360554
345,retail,False,8558.163757995248
346,merchant,False,9791.19320714177
347,retail,False,174.7613786774504
348,retail,False,2392.001587173555
349,retail,False,2449.430463402194
350,retail,False,119.82762552721236
351,retail,False,110.09586412022719
352,retail,False,4380.115776845334
353,retail,False,3737.5767575193086
354,retail,False,11582.145101403032
355,retail,False,1557.5795289322814
356,retail,False,8519.880336814485
357,retail,False,3141.8208356325595
358,retail,True,5920.738867196258
359,retail,True,9280.512468239025
360,merchant,False,11508.047986974329
361,retail,False,4711.273224590064
362,retail,True,10438.684220121482
363,retail,False,2899.125215548784
364,retail,False,1369.8856349527478
365,retail,False,1439.5576543448285
366,retail,False,6806.241064641584
367,retail,True,1118.501635628779
368,retail,False,7985.637061068964
369,merchant,False,35810.03011905008
370,retail,False,592.7315832963994
371,retail,False,4334.252141389088
372,retail,False,1666.775636486746
373,retail,True,1247.6596345520404
374,retail,False,464.5404122977896
375,retail,False,1013.8743690300595
376,merchant,False,2952.738109115057
377,retail,False,7059.342574190895
378,retail,False,3225.6703982302415
379,retail,False,2433.270921282122
380,retail,False,6186.957226942475
381,merchant,False,21557.732299426967
382,retail,False,11639.109447263883
383,retail,False,1243.9762736659225
384,retail,False,1202.5744363782035
385,p2p_broker,False,5924.127306494936
386,retail,False,1985.2904945437242
387,p2p_broker,False,7344.71739426997
388,retail,False,1875.2972915257512
389,merchant,False,1932.4907869676845
390,retail,False,247.29317894669464
391,retail,False,4392.25514497324
392,retail,False,5278.82898381443
393,retail,False,155.271249136631
394,retail,True,2793.842751666581
395,retail,False,15953.192369477945
396,merchant,False,3218.9434548779936
397,retail,False,410.3927678799218
398,retail,False,975.5134583104308
399,retail,False,1887.634442994145
400,retail,False,11627.089716676997
401,merchant,False,2357.786113668929
402,retail,False,4224.018197220382
403,retail,False,1386.9619154827042
404,escrow,False,2812.684148792411
405,merchant,False,29353.174529365053
406,retail,False,134.02736045849065
407,merchant,False,16092.962605067349
408,retail,False,7805.429461297951
409,escrow,False,2649.6028465985537
410,retail,False,5313.301303483985
411,retail,False,1430.6422745471011
412,retail,False,342.21752975770164
413,merchant,False,4289.418687444992
414,retail,True,3550.2340782513857
415,retail,False,10091.358255097932
416,retail,False,1610.72173177157
417,retail,False,4721.29164753284
418,retail,False,28869.575324982532
419,merchant,False,16556.921646677907
420,retail,False,8393.967002103112
421,retail,False,114.76795762643593
422,retail,True,6733.034207130444
423,retail,False,2686.186286231759
424,retail,False,5531.966794490949
425,merchant,False,10048.16134675653
426,retail,False,1104.4687895235006
427,merchant,False,4786.872073882006
428,retail,False,2020.9140474798305
429,merchant,False,52566.73155475031
430,merchant,False,5460.067051086874
431,retail,True,427.01934311546955
432,retail,False,3499.038238105914
433,merchant,False,24809.192117047496
434,retail,False,956.1383726270365
435,retail,True,4987.396882230543
436,retail,False,8694.736564494175
437,retail,False,396.8781651719621
438,retail,False,26.26395870486889
439,retail,False,4659.858776636115
440,merchant,False,8225.728386163673
441,retail,False,3772.2952807487027
442,retail,False,6009.18278819997
443,retail,False,1194.4647479337787
444,retail,False,798.8260723362692
445,retail,False,396.2656763119529
446,p2p_broker,False,17460.774255518005
447,retail,False,839.6180092903041
448,retail,False,896.6343529824778
449,retail,False,718.0980339622266
450,retail,True,9261.380976291824
451,merchant,False,7205.3120146900055
452,retail,False,52855.99926699303
453,retail,False,406.0666441247956
454,retail,False,1638.95127218445
455,retail,False,156.19541357972997
456,p2p_broker,False,2352.215507387349
457,retail,True,6942.444196440854
458,retail,False,468.32464340727415
459,retail,False,3309.2399984035205
460,retail,False,5841.8979034211825
461,retail,False,822.4172864551643
462,merchant,False,3687.240505076926
463,retail,True,367.8107985662913
464,retail,False,499.663719535919
465,retail,False,5282.366165565155
466,retail,True,5939.1211982062605
467,merchant,False,6714.581958783672
468,retail,False,372.57355277340025
469,retail,False,182.01430711496187
470,retail,False,170.250656382892
471,retail,False,2034.198824159294
472,retail,False,178.5851984864784
473,retail,False,7463.111158876058
474,retail,False,7786.8406193409255
475,retail,True,1353.7471973232966
476,retail,False,2183.4401382160595
477,retail,False,1417.79224193171
478,retail,True,2676.3481429392373
479,retail,False,5264.248667705373
480,retail,False,611.773559867942
481,retail,False,7535.847870763886
482,retail,False,2524.832219954136
483,retail,False,2883.237945434651
484,retail,False,2480.7401213423896
485,retail,False,7230.763808674846
486,retail,False,2893.362741627429
487,retail,False,2504.7232424420254
488,retail,False,2656.686229902824
489,retail,False,1638.62786693419
490,retail,False,796.6226347033078
491,retail,False,2716.061616119994
492,retail,False,4116.808151377018
493,retail,False,3478.863449080618
494,retail,False,2926.7855317656167
495,retail,False,12858.799418188122
496,retail,False,7300.834836882869
497,retail,False,125.07353975587732
498,retail,False,14143.194108332655
499,retail,True,1355.4896364530532
500,retail,False,3475.1215721325707
501,merchant,False,5410.936540207916
502,merchant,False,8975.483053757865
503,retail,False,6757.620627303779
504,retail,False,4060.416835699962
505,retail,False,11946.353832133043
506,retail,False,280.554245423976
507,merchant,False,19969.619869665043
508,retail,False,3308.635934493822
509,retail,False,386.10871193315563
510,retail,False,1220.276867947208
511,merchant,False,12842.568116093136
512,retail,False,236.5921627419928
513,retail,False,3599.9290869342058
514,retail,False,6415.349753207907
515,retail,False,5387.622423056358
516,retail,False,38647.79347996511
517,retail,False,2003.2194628463394
518,retail,True,3590.664253598965
519,merchant,False,13825.217310439752
520,merchant,False,47040.827977291774
521,retail,False,2860.3563757822812
522,retail,True,6298.019680009052
523,retail,False,665.9013409025778
524,retail,False,31167.76938466149
525,retail,False,2570.0974474162444
526,p2p_broker,False,2974.8811107552015
527,escrow,False,9439.496167542224
528,retail,False,853.9283137595924
529,retail,False,63.531491027810034
530,retail,True,5767.784404166774
531,retail,False,1097.3903132654725
532,retail,False,14506.06615742632
533,retail,False,15.87110860194693
534,retail,True,5397.5995331809645
535,retail,True,5937.159706694296
536,retail,False,3567.632183097289
537,retail,False,248.18912319044932
538,retail,False,1749.637834916616
539,merchant,False,7577.776216574444
540,p2p_broker,False,5104.395071433344
541,retail,False,939.2463063732797
542,merchant,False,22950.806265868305
543,escrow,False,23414.124548686235
544,retail,False,5872.251385434978
545,retail,False,10579.188985713821
546,retail,False,13238.911076293203
547,retail,False,6718.332182981947
548,retail,False,51.70405352499341
549,retail,True,330.9777235167942
550,retail,False,1424.0367612583673
551,retail,False,11092.903522246546
552,retail,False,2745.520265707218
553,merchant,False,17610.789684033432
554,retail,False,3937.730977213831
555,retail,False,884.4919851551746
556,retail,True,2720.8952778263265
557,retail,False,7233.244740652779
558,retail,False,196.71916366957842
559,retail,True,580.0978151782247
560,retail,True,1550.6448693857
561,retail,False,3609.186985009408
562,merchant,False,2779.7896425863596
563,retail,False,7281.541106489244
564,retail,False,375.84938920987787
565,retail,False,813.8063119931489
566,retail,True,2111.8643348489204
567,retail,True,9587.62493510722
568,retail,False,300.1988444533158
569,retail,False,2897.469152894473
570,retail,False,204.1311141378677
571,merchant,False,5731.538544956363
572,retail,False,16278.964636871428
573,retail,False,3334.950389754345
574,merchant,False,32946.73028157545
575,retail,True,6402.861293222683
576,merchant,False,2420.2845051873533
577,retail,False,2863.6635301614133
578,merchant,False,8181.45456394436
579,retail,False,2858.836008784434
580,retail,False,517.6210817338192
581,retail,False,4769.4201712681015
582,retail,False,3083.5692325512305
583,retail,False,3687.861752108858
584,merchant,False,27348.46920566075
585,retail,False,28.45289572116461
586,retail,False,2961.5414027366132
587,retail,False,8809.149743009937
588,retail,True,10950.903622436528
589,retail,False,10092.023962462548
590,merchant,False,7406.378188817747
591,retail,False,543.4012513170553
592,retail,False,1169.745686229018
593,retail,False,2989.6824604645385
594,retail,False,4298.87230626094
595,retail,False,262.3064617712016
596,retail,True,8767.96770183783
597,retail,True,25480.308205090445
598,p2p_broker,False,5963.665334999116
599,retail,False,870.2284882962504
600,retail,False,3078.7688093321826
601,retail,False,2124.4215184013538
602,merchant,False,35453.26568873159
603,retail,False,1770.6248243944792
604,p2p_broker,False,950.5181765147054
605,retail,False,4729.536218262265
606,merchant,False,7341.2523477525665
607,retail,False,2390.1688521500796
608,retail,False,2920.414955847718
609,retail,False,2074.6448576914277
610,retail,False,8814.924271814243
611,retail,False,5577.816853661071
612,p2p_broker,False,6308.4592477482165
613,p2p_broker,False,3898.8210641170826
614,retail,False,109.23766441812018
615,retail,False,2611.4935396713745
616,retail,False,820.9033774204539
617,retail,False,57.02339978337318
618,retail,False,3543.0139429480123
619,retail,False,6581.846034099195
620,retail,False,3727.4506264628512
621,retail,False,612.0643713478242
622,p2p_broker,False,8831.285798099132
623,retail,False,160.96086165434042
624,p2p_broker,False,7481.435525380368
625,retail,False,645.1923676961113
626,retail,False,964.6991382587189
627,retail,False,4275.540707711986
628,retail,False,265.8168679843616
629,merchant,False,9635.437147170485
630,merchant,False,4597.498587795414
631,merchant,False,1432.233945403129
632,retail,False,21492.673745635017
633,retail,False,926.3134893287291
634,retail,False,6093.771321698363
635,retail,False,5380.618393000075
636,retail,True,9116.586660101952
637,retail,True,1342.8779480625008
638,retail,False,3219.059301226262
639,merchant,False,7772.983073409988
640,retail,False,7102.084299421575
641,merchant,False,10200.1142360899
642,retail,False,3891.8884796404727
643,retail,False,5496.811481467333
644,retail,False,2479.706801684712
645,merchant,False,2331.441689036055
646,retail,False,2967.1452202736123
647,retail,False,6405.806215727099
648,retail,False,112.37418077086332
649,retail,False,15620.328300893636
650,retail,False,6891.294799800097
651,merchant,False,19109.837783907216
652,retail,False,5717.173765073279
653,retail,False,2010.1082738842986
654,merchant,False,36647.93736598996
655,retail,False,3352.341429069957
656,merchant,False,5745.475387251674
657,retail,False,624.4466243716254
658,retail,False,2899.7060996390956
659,retail,True,7639.222228679757
660,retail,False,3335.59958557111
661,merchant,False,13998.295666222171
662,retail,False,1492.5880584496254
663,retail,False,2960.8811175431524
664,retail,False,428.13007290020767
665,retail,False,190.05525879762058
666,merchant,False,2847.225121508463
667,escrow,False,31054.802018470084
668,retail,False,378.72937622229665
669,retail,False,310.4970403797449
670,retail,False,113.53995952894542
671,retail,False,2491.2677404416195
672,escrow,False,15654.144521805822
673,retail,False,3021.5683746165796
674,retail,False,4965.952009409775
675,retail,False,3048.7939330545173
676,merchant,False,3356.691203107209
677,retail,False,4496.275298405388
678,retail,True,14065.041048048299
679,retail,False,3826.302269946082
680,retail,False,4215.490398662014
681,retail,False,5375.6750271361125
682,retail,True,5658.753115432913
683,retail,False,4646.09500822034
684,retail,False,5076.420038766046
685,retail,True,3209.1503242118292
686,retail,False,2165.514191880484
687,p2p_broker,False,2638.434454141689
688,retail,False,1225.6171769961938
689,retail,False,2674.5954814558727
690,retail,False,5913.508277735441
691,merchant,False,797.1785118656668
692,retail,False,2171.202394073532
693,retail,False,5694.185004307133
694,merchant,False,4841.134928030242
695,retail,False,11581.51115046702
696,retail,False,4605.846196042093
697,retail,False,12872.344728796294
698,retail,False,1426.841294559635
699,retail,False,1089.090583665244
700,retail,True,3359.2471503124807
701,retail,False,6037.430968004752
702,retail,True,2210.989249203182
703,merchant,False,2619.7732365675
704,retail,False,1768.6520291871993
705,retail,True,2357.0931573680637
706,retail,False,2937.1779978170607
707,retail,False,5216.095088256846
708,retail,False,83.95231185902782
709,retail,False,1884.2527503186993
710,escrow,False,3764.544549705739
711,retail,False,8167.195173814117
712,merchant,False,29827.63391335245
713,merchant,False,31089.6930997556
714,retail,False,4525.317056524293
715,retail,False,1147.2563767056638
716,retail,False,237.08519269057405
717,retail,False,1682.1290906721347
718,retail,False,3612.4247312726857
719,p2p_broker,False,1928.6877497035443
720,retail,False,1616.8567555661461
721,retail,False,2707.316530691347
722,retail,False,9012.87873039966
723,p2p_broker,False,18336.103918656438
724,retail,False,1709.793670053965
725,retail,False,1642.9582991177313
726,retail,False,1571.8477070044944
727,retail,False,499.84250928445306
728,retail,False,2284.938971189685
729,retail,False,1940.8583925722012
730,retail,False,1028.8379410025918
731,retail,False,2221.5121868586093
732,retail,False,1470.7395390088304
733,retail,False,6532.408485061186
734,retail,False,4937.711627636555
735,retail,True,1439.3141198331768
736,retail,False,10971.231750736455
737,retail,False,3732.7215788306626
738,retail,False,629.9368031466825
739,retail,False,9136.989641235015
740,retail,False,1807.1834201253134
741,retail,False,5550.938566589489
742,merchant,False,20649.18013476138
743,retail,False,2093.2519818201677
744,retail,False,128.37620087222973
745,retail,False,1516.308965646112
746,retail,False,7141.085230088521
747,retail,False,4929.054016687748
748,retail,False,2631.245549518366
749,merchant,False,2641.7288137936384
750,retail,False,2422.790587582857
751,retail,False,74.19330894573892
752,retail,False,5817.979560104945
753,retail,False,1570.8242775610163
754,retail,True,537.0765820991392
755,retail,False,3246.180055864608
756,retail,False,871.0740497370912
757,merchant,False,10779.774870467529
758,retail,False,3468.261191407062
759,retail,False,4189.386095826842
760,retail,False,612.9249553276989
761,retail,False,6765.281044574904
762,retail,False,4385.6001881066095
763,retail,False,8143.567890232321
764,merchant,False,1901.7045841869258
765,retail,False,8763.91155314308
766,retail,False,1761.2404403942674
767,retail,False,3977.55238394123
768,retail,True,2154.3831164794115
769,retail,False,409.19879973403386
770,retail,False,422.49059241471844
771,retail,False,3615.7450374300056
772,retail,False,2349.3771155259574
773,merchant,False,6571.829540517964
774,retail,False,2725.875853765855
775,merchant,False,22671.083965975282
776,retail,False,2223.561122660644
777,retail,False,3375.8606612049443
778,retail,False,2260.6993212683046
779,merchant,False,26163.751480660445
780,retail,False,4374.573413594587
781,merchant,False,17566.329285092776
782,retail,False,1919.2297521501823
783,retail,False,650.4187936313468
784,p2p_broker,False,4090.3293583522855
785,retail,False,7770.072368676527
786,merchant,False,4126.128168756383
787,retail,False,4724.487691487532
788,retail,False,2382.322532030923
789,retail,False,2952.301728714869
790,retail,False,1755.2313265326568
791,retail,False,2835.59618159779
792,retail,False,2990.884987785108
793,retail,False,1300.3568081208473
794,retail,False,3811.215316585694
795,retail,False,1718.357729835222
796,retail,False,32086.55742824388
797,retail,False,2903.3546248290795
798,retail,False,26536.260968068407
799,retail,False,45.60596218684583
800,retail,True,30320.158936015396
801,retail,False,5164.667180676981
802,merchant,False,6101.501538564335
803,retail,False,12302.534656557498
804,retail,False,6885.29176557083
805,retail,False,16434.96169291447
806,retail,False,2398.838771970785
807,retail,False,6299.866057801375
808,retail,False,161.1534757454989
809,escrow,False,14994.206647280474
810,retail,False,1005.5158903507348
811,retail,False,1976.9348203286145
812,escrow,False,602.7736537772473
813,retail,False,8871.758754863662
814,retail,False,9.340703620615265
815,merchant,False,22146.941418891496
816,merchant,False,20946.097227793285
817,retail,False,836.4142084046631
818,retail,False,6576.120479381089
819,retail,False,1317.7221133073608
820,retail,False,1930.311530159841
821,retail,False,1180.8351033196109
822,retail,True,2165.249267418737
823,retail,False,1247.0844367214168
824,merchant,False,7820.309627288858
825,retail,False,9290.911005735059
826,retail,True,517.3044270889662
827,retail,True,1819.9809376223739
828,merchant,False,6430.185780222733
829,retail,True,10150.338403818456
830,retail,False,43.43624293254334
831,retail,False,991.3494696537099
832,retail,False,100.24777225670127
833,retail,False,1114.5085122685205
834,retail,False,152.1206088622307
835,retail,True,8507.02943980093
836,retail,True,11436.066145608911
837,p2p_broker,False,7410.811714617462
838,retail,False,3361.4609163812975
839,retail,False,3180.509537580551
840,retail,False,152.08405438322734
841,retail,False,3404.9967240541696
842,retail,False,2273.4552832941763
843,retail,False,3663.2876005829485
844,retail,True,536.3562996186101
845,merchant,False,10794.387309444935
846,retail,False,69702.78524347577
847,retail,False,5600.706461825973
848,retail,False,2960.3294297335947
849,p2p_broker,False,11290.740376107902
850,retail,False,2220.577250884273
851,retail,False,9944.223234992905
852,merchant,False,5093.877440024912
853,merchant,False,17251.908893841268
854,retail,False,3734.143547167571
855,retail,False,2161.1787082601213
856,retail,False,1273.0916990517155
857,merchant,False,6952.26395099432
858,retail,False,1199.9619591061903
859,retail,False,1724.8322623608117
860,retail,False,1328.8443024304274
861,retail,False,2177.6184356856575
862,retail,False,465.16053798476594
863,retail,False,3222.8390349897145
864,retail,False,6835.485277592285
865,merchant,False,36982.13549032453
866,merchant,False,2064.610869975903
867,retail,False,3876.5562423012007
868,retail,False,2758.935606858856
869,retail,True,1983.7591630070033
870,retail,False,4356.995913728541
871,retail,False,2254.8552660667124
872,p2p_broker,False,14539.963762860569
873,retail,False,8877.607059594864
874,retail,False,4378.151949414301
875,merchant,False,15610.848269355358
876,retail,False,987.2156475038662
877,retail,False,9509.322594891542
878,retail,False,9398.635674949213
879,retail,False,97.24294184140699
880,retail,False,6617.729202819107
881,retail,False,3944.021756167647
882,merchant,False,16620.274726862233
883,retail,False,1418.3936628587792
884,retail,False,2763.6321557224055
885,retail,False,239.93054096627233
886,retail,False,1100.2297610912215
887,retail,False,1241.213798322069
888,retail,False,3051.72643089132
889,retail,False,125.32205223368581
890,retail,False,1882.1767192350765
891,p2p_broker,False,2727.627964935804
892,retail,False,1593.4521703508635
893,retail,False,5743.386828400585
894,retail,False,173.8806449954698
895,merchant,False,23413.644471837855
896,retail,False,14272.11749647276
897,retail,False,870.7063025215834
898,retail,False,3243.634898963786
899,retail,False,49742.085480064496
900,retail,False,6537.264736859379
901,retail,False,1943.415265518912
902,retail,False,7626.008886954396
903,retail,False,2435.8112779662133
904,p2p_broker,False,252.12416364287492
905,retail,False,1654.7632948332853
906,retail,False,5190.848053917835
907,retail,False,1079.7910071216054
908,retail,False,3116.086771331269
909,retail,False,863.3370177806614
910,retail,False,2405.3509577382188
911,merchant,False,11243.463107406395
912,merchant,False,2142.9997495786547
913,p2p_broker,False,11623.743307893386
914,p2p_broker,False,266.0442758666504
915,p2p_broker,False,243.0738160598621
916,retail,False,17267.08490033299
917,retail,False,3105.6292649775037
918,retail,False,5421.273459106823
919,retail,True,15421.332111620344
920,retail,False,8934.533599907169
921,merchant,False,22518.57875848825
922,retail,False,6218.080321308903
923,retail,False,3181.767161335701
924,retail,False,3745.8655095527834
925,retail,False,510.5571616866264
926,retail,False,5765.573831660515
927,merchant,False,10051.915407513745
928,retail,True,62.94418910806901
929,retail,False,15361.429511141338
930,retail,False,8307.701181781806
931,retail,False,3260.686663278168
932,retail,False,2960.206892191171
933,retail,False,4571.789178607883
934,retail,False,6146.7647359602515
935,retail,False,3217.0188406242332
936,merchant,False,31782.49060591808
937,retail,False,1499.7097492135758
938,merchant,False,17488.546921652087
939,retail,False,1945.8215348959884
940,retail,True,2577.669839335355
941,merchant,False,14578.204324247434
942,retail,True,2379.3494333604017
943,retail,False,11.08870536086279
944,retail,False,824.0431465400185
945,retail,False,5553.954033465247
946,retail,True,22833.3541431379
947,merchant,False,13815.391545031116
948,merchant,False,15509.191208627604
949,retail,False,8294.60835657303
950,retail,False,3609.9429303617903
951,retail,False,1647.0059192326962
952,retail,False,2225.2100638205543
953,retail,False,7967.391173821005
954,merchant,False,39778.43520958659
955,merchant,False,18350.968030069427
956,retail,True,7350.981317501772
957,retail,True,565.5012168507693
958,retail,False,5915.23761310475
959,retail,False,4451.767892130762
960,retail,False,262.2343213700599
961,retail,True,19694.656702421315
962,retail,False,9005.67660177922
963,retail,False,2415.5199411808203
964,p2p_broker,False,986.2165644901543
965,retail,False,988.7287894088191
966,p2p_broker,False,922.8784674933058
967,retail,False,2732.042606238393
968,retail,False,4532.198148025702
969,retail,False,2424.0849416496244
970,retail,False,4671.501110538364
971,retail,False,2100.3782998651814
972,retail,False,1698.7334144973383
973,merchant,False,11343.477761179845
974,retail,False,15884.108764913382
975,retail,False,1661.3334707624158
976,retail,True,4852.990474236996
977,retail,False,2482.8193156868006
978,retail,False,9653.267243324577
979,retail,True,3408.6321729649376
980,p2p_broker,False,6586.808168818263
981,merchant,False,9281.157383255795
982,retail,True,8807.335250669421
983,retail,False,413.55634146915156
984,retail,False,2172.933596889962
985,merchant,False,3027.7470111803677
986,retail,False,6564.058435712836
987,retail,False,11289.963306987005
988,retail,False,5081.474281754609
989,retail,False,624.5167589670348
990,retail,True,9473.77393516972
991,retail,True,1396.603717917161
992,retail,False,11735.55885226522
993,retail,False,43.97639654517653
994,merchant,False,5962.2066583483565
995,retail,False,7529.656570179796
996,retail,False,6890.592439715038
997,retail,False,6728.662516636465
998,escrow,False,1823.908762610045
999,retail,False,4199.7805128827595
1000,retail,True,1418.6738712657407
1001,retail,False,1359.6869851939377
1002,retail,False,5431.428073160438
1003,retail,False,960.5855397680104
1004,retail,False,3765.1700263206835
1005,retail,False,23565.36535248508
1006,merchant,False,7759.857688783417
1007,retail,False,10272.729310145001
1008,retail,False,5375.121978950911
1009,retail,False,4704.115923448824
1010,retail,False,5272.405534436949
1011,retail,False,14857.625653789319
1012,retail,False,793.0287273598934
1013,p2p_broker,False,1378.1058930422369
1014,retail,False,490.2921732415422
1015,retail,False,2506.115443503051
1016,retail,False,6364.637913045597
1017,merchant,False,9795.740776095974
1018,retail,False,2196.956075809102
1019,retail,False,3118.1957579129485
1020,merchant,False,13524.200179181817
1021,retail,False,266.89398856537736
1022,escrow,False,4013.7297459987485
1023,retail,False,2248.5346128452543
1024,retail,False,2910.305164126068
1025,retail,False,4035.3424997497814
1026,merchant,False,6560.2841783583735
1027,retail,False,3492.2370920120065
1028,retail,False,321.11673305268494
1029,retail,False,4598.499442016518
1030,retail,False,349.7981197771632
1031,retail,False,12698.96767030696
1032,retail,False,2391.1634937998865
1033,merchant,False,18256.80387983685
1034,retail,False,3675.8202717535323
1035,retail,False,8542.788153383799
1036,retail,False,4180.529497093866
1037,retail,False,1273.9398359552688
1038,retail,False,541.8889748479991
1039,retail,False,12927.550030266415
1040,retail,False,840.8397442855169
1041,retail,False,1265.359926440106
1042,retail,False,13504.031628991404
1043,retail,False,1934.9883349731133
1044,retail,False,2299.648290083205
1045,retail,False,7586.326444371639
1046,retail,False,99.63877414753185
1047,retail,False,975.719024602504
1048,merchant,False,5736.536990306256
1049,retail,True,30989.187501365275
1050,retail,False,9241.485078405798
1051,retail,False,2060.161177161926
1052,retail,True,2430.151354258495
1053,retail,False,2557.9401695006336
1054,retail,False,837.6165400592989
1055,retail,False,7000.179119941429
1056,merchant,False,6365.762775801424
1057,retail,True,2974.853159584773
1058,retail,False,537.5753302016769
1059,retail,False,2301.0180722844716
1060,p2p_broker,False,12786.257436009342
1061,retail,True,2540.7846470636864
1062,retail,False,6838.043196005937
1063,retail,False,904.6526471089613
1064,retail,False,8562.686426756007
1065,p2p_broker,False,11192.080082392782
1066,retail,False,2270.781190148789
1067,retail,False,14101.546326164065
1068,retail,False,852.2975541655908
1069,retail,False,812.0059649260288
1070,merchant,False,8266.96269869956
1071,retail,False,5082.124536134484
1072,retail,False,134.08683023787256
1073,merchant,False,25549.87518173443
1074,merchant,False,11284.380586191573
1075,retail,False,1222.7399623121134
1076,retail,True,2323.594613410751
1077,retail,False,3582.1459615695094
1078,retail,False,111.62919236479652
1079,retail,False,3743.9195839959925
1080,retail,False,770.8081174961458
1081,merchant,False,7267.043202126622
1082,merchant,False,2679.9699344873957
1083,merchant,False,10274.684002850126
1084,p2p_broker,False,2263.779621133426
1085,retail,False,1654.1426778835696
1086,retail,True,5326.246199394557
1087,retail,False,2578.993462552447
1088,retail,False,453.3000701263773
1089,retail,False,239.53980867004435
1090,retail,False,7191.305227487502
1091,retail,True,4886.487945599844
1092,retail,False,2982.1164950445686
1093,retail,False,4011.8193874982567
1094,retail,False,2921.9595649134676
1095,retail,False,736.0782658624405
1096,retail,False,4640.8480036742185
1097,merchant,False,18335.454645492006
1098,merchant,False,39236.056504720145
1099,retail,False,1867.7224264288695
1100,retail,False,5498.855092090698
1101,retail,False,1406.3747598080386
1102,retail,False,1657.98399316078
1103,merchant,False,148.30053837843144
1104,retail,True,16031.225389546229
1105,retail,False,440.5807890539914
1106,retail,False,932.3251448667759
1107,retail,True,2215.1171737569266
1108,escrow,False,1646.5426911603895
1109,retail,False,1172.6322327167286
1110,retail,True,4494.459432955821
1111,retail,False,834.228172215681
1112,retail,False,1940.9521062133383
1113,merchant,False,23593.10974075322
1114,p2p_broker,False,4890.129782615182
1115,retail,False,4635.790997963779
1116,retail,False,3458.1988199993502
1117,retail,False,1190.8158882724256
1118,retail,False,17483.776982595147
1119,merchant,False,19794.740418082
1120,retail,False,7175.342923271267
1121,retail,False,10264.130362305208
1122,merchant,False,20244.77279652281
1123,retail,False,6812.991798907179
1124,retail,False,4841.905810995535
1125,retail,False,3857.7836479791495
1126,retail,False,1381.1678067405787
1127,retail,False,7791.161702882784
1128,retail,False,8242.190349069215
1129,escrow,False,7906.320539021136
1130,escrow,False,4804.052903796202
1131,retail,False,4572.7788101692395
1132,retail,False,6256.754214994626
1133,retail,False,3945.2257624311806
1134,p2p_broker,False,3436.2679825963387
1135,retail,False,2073.8165910313187
1136,retail,False,759.5815456466983
1137,retail,False,17166.840752800264
1138,retail,False,472.9058324898524
1139,retail,True,2048.57522180621
1140,retail,False,16827.779611167065
1141,retail,False,5244.740421790357
1142,merchant,False,5308.827591640045
1143,merchant,False,7022.011543620758
1144,retail,False,1136.4635237356115
1145,retail,False,9527.608318670056
1146,retail,False,2158.1478355153477
1147,merchant,False,31179.664840489106
1148,retail,False,2151.264662892318
1149,merchant,False,2271.5029589299656
1150,retail,False,3182.104562520412
1151,merchant,False,27131.661194501627
1152,retail,False,150.2578647824431
1153,retail,False,4405.695361960015
1154,retail,False,456.14567811991157
1155,retail,False,6117.951771015011
1156,retail,True,53.33332100238033
1157,retail,False,7408.579284530462
1158,retail,False,265.89467635928065
1159,retail,False,11785.214054681977
1160,retail,False,4931.080860863812
1161,retail,False,2818.886070173504
1162,merchant,False,27082.569361837213
1163,retail,False,240.97068840271453
1164,retail,True,2083.2598342627853
1165,merchant,False,292.1229713829855
1166,merchant,False,10313.167178800242
1167,retail,False,609.3700763913531
1168,merchant,False,12593.19752936615
1169,retail,False,1180.7979599538457
1170,retail,False,5772.022531519913
1171,retail,False,3907.4261028767514
1172,retail,False,1655.2452155455055
1173,retail,False,5716.17891722666
1174,retail,False,5022.459198829179
1175,retail,False,6523.3322012116005
1176,retail,False,2507.560259810776
1177,retail,False,712.0276369006243
1178,retail,False,7668.751214072399
1179,retail,False,10.025893216128356
1180,retail,True,300.20894702294675
1181,retail,False,2573.5236171840334
1182,retail,False,12930.412564803422
1183,retail,False,3499.566094799397
1184,retail,False,55434.94318355025
1185,merchant,False,1871.3678313003566
1186,retail,False,6517.55941934939
1187,escrow,False,2051.751034754407
1188,retail,True,2720.9601356086746
1189,retail,False,5910.430082667315
1190,retail,False,15979.3155768507
1191,retail,False,6878.34154620614
1192,merchant,False,1313.7147202114083
1193,p2p_broker,False,27651.107438366413
1194,merchant,False,9801.162690198922
1195,retail,False,345.757112646441
1196,retail,False,1645.919408641168
1197,retail,False,1129.0188385660108
1198,retail,False,28964.499153426063
1199,retail,False,6603.491759064929
1200,retail,False,1164.4907817311207
1201,retail,True,15434.19042627699
1202,merchant,False,12946.98590456513
1203,retail,True,10781.116404152637
1204,retail,False,2218.220238577085
1205,retail,False,675.5005641647354
1206,retail,False,3106.5217363434786
1207,retail,False,16562.771577171134
1208,retail,True,4114.119727986972
1209,retail,False,6677.898076164567
1210,retail,False,3008.8887186524653
1211,merchant,False,10144.527520697733
1212,retail,False,956.5799857490209
1213,retail,False,16842.177479596117
1214,retail,False,12035.44362821625
1215,retail,False,16896.598649502717
1216,retail,False,1179.0046276865394
1217,retail,False,1359.0855916846467
1218,retail,False,1756.8584863275428
1219,retail,False,9453.37362448088
1220,retail,False,87.92800354859335
1221,retail,False,3316.5613709750373
1222,merchant,False,18288.51084577201
1223,retail,False,5068.104197277581
1224,retail,False,1068.0853973775131
1225,merchant,False,9984.99708556964
1226,retail,False,1488.6886646298394
1227,retail,False,831.1492618533905
1228,merchant,False,25839.834200528257
1229,retail,True,4363.582557530906
1230,retail,False,6469.927492875858
1231,retail,False,7278.888209484281
1232,retail,False,4047.776605903617
1233,retail,False,310.0888763977678
1234,retail,False,1900.6535060671952
1235,retail,False,7367.741835819599
1236,retail,False,1973.6157048785913
1237,retail,False,257.6644061116299
1238,retail,False,750.6670299630262
1239,retail,False,10150.285274637294
1240,merchant,False,4992.574072154954
1241,retail,False,908.837240268294
1242,retail,False,2086.6366152523274
1243,retail,False,1895.6154955740335
1244,retail,False,9548.321607664997
1245,retail,False,4216.393867251376
1246,retail,False,932.2621267314428
1247,retail,False,1251.9936203877821
1248,merchant,False,26629.53901027912
1249,merchant,False,931.7128241087535
1250,retail,False,2241.2922149077453
1251,retail,False,9070.191583496602
1252,retail,False,7244.601842853385
1253,retail,False,868.588153217923
1254,retail,False,5388.264648500024
1255,merchant,False,11119.82651722915
1256,retail,False,2345.468137863955
1257,merchant,False,13186.905377582314
1258,retail,False,1988.0594843693186
1259,escrow,False,3601.979535395458
1260,retail,False,5516.273482738455
1261,retail,False,2873.4872043416035
1262,retail,False,21.164976400335945
1263,merchant,False,6977.905011841765
1264,retail,False,5589.248572584103
1265,merchant,False,25873.26554427767
1266,retail,False,2205.441753215466
1267,p2p_broker,False,6464.887110307521
1268,retail,False,3116.3822047539884
1269,retail,False,4291.622782375182
1270,p2p_broker,False,18719.088691511555
1271,retail,True,1155.649017734159
1272,retail,False,3.8904467992515492
1273,retail,False,3025.054873426542
1274,retail,True,5514.4332044117455
1275,retail,False,1683.5379706736005
1276,retail,True,11200.744284518232
1277,retail,False,675.9328046493472
1278,merchant,False,3963.107647065581
1279,retail,False,5373.449211275143
1280,retail,False,4758.031131190099
1281,retail,False,6620.967171032443
1282,retail,True,7499.057857721453
1283,retail,False,903.2036864388795
1284,merchant,False,7466.277527874177
1285,merchant,False,26878.261245342794
1286,retail,False,5319.189885975098
1287,retail,True,3539.7975457314024
1288,retail,False,258.29256560436755
1289,retail,True,2581.67144925653
1290,retail,False,5831.662800152265
1291,retail,False,2741.857035317447
1292,retail,False,7099.007239432645
1293,retail,False,2450.0554731797265
1294,retail,False,4919.461263259543
1295,retail,False,996.1329965383103
1296,retail,False,6095.415725735817
1297,retail,False,3309.098513698113
1298,retail,True,1576.8339721541222
1299,retail,False,3338.734465796734
1300,retail,False,105.20761851245683
1301,retail,False,10291.41816565724
1302,retail,True,3372.849812020827
1303,retail,False,90.32109696710884
1304,merchant,False,28137.453435514373
1305,merchant,False,4591.600238901159
1306,retail,True,7058.069771387681
1307,retail,False,8147.562292272406
1308,retail,False,27227.87477069777
1309,merchant,False,4611.105369459994
1310,retail,False,12375.789821236453
1311,merchant,False,1852.6149151838463
1312,retail,False,1969.263589220207
1313,retail,False,8337.177911029106
1314,retail,False,592.457191976755
1315,retail,False,1578.3901692457794
1316,retail,False,668.2762560669564
1317,retail,False,361.0700192985708
1318,retail,False,6797.700072420972
1319,merchant,False,1018.6764892541682
1320,retail,False,1931.6521543627464
1321,retail,False,515.6706942830272
1322,retail,False,2016.47188766588
1323,retail,False,16.311612388637304
1324,retail,False,2258.818967384763
1325,merchant,False,24164.54929996831
1326,retail,False,3328.485736119392
1327,retail,False,1281.4561098890408
1328,retail,False,2885.464709165648
1329,retail,False,15641.791764514019
1330,retail,False,246.88445781185413
1331,retail,False,2680.492489016194
1332,retail,False,9326.601269924364
1333,p2p_broker,False,26263.591896018646
1334,p2p_broker,False,8447.990852660661
1335,merchant,False,14928.249935402293
1336,retail,False,3993.6826953049326
1337,retail,False,39487.64877163185
1338,merchant,False,84782.3210710775
1339,retail,False,6761.664015174205
1340,retail,False,624.1467122282505
1341,merchant,False,12079.352820147757
1342,retail,False,2964.374149435535
1343,retail,False,10147.237085562154
1344,p2p_broker,False,1212.7786056660784
1345,retail,False,39147.713826634754
1346,retail,False,712.9350594970894
1347,retail,False,4024.919393046648
1348,retail,False,4609.997886932458
1349,retail,True,676.3198501531904
1350,retail,False,1401.8625432592069
1351,merchant,False,3730.6559521649706
1352,retail,False,2111.778442899468
1353,retail,False,923.2893370734043
1354,merchant,False,12396.040443394677
1355,retail,False,1119.8633079448082
1356,retail,False,23098.212181888208
1357,retail,False,8321.288838839004
1358,retail,False,280.68866661222546
1359,retail,True,7543.787977762669
1360,retail,False,4645.358951889942
1361,retail,False,654.4892798923838
1362,retail,False,1064.189078302961
1363,retail,True,823.7377752870724
1364,retail,True,2379.0719443667763
1365,retail,False,135.35770673363544
1366,retail,False,8481.693019300488
1367,retail,False,2077.4512367501366
1368,retail,False,3061.5955553970302
1369,retail,False,582.5317583157538
1370,retail,False,6427.955356107962
1371,merchant,False,26379.04986389956
1372,retail,False,3855.77926585698
1373,merchant,False,3708.442190248938
1374,p2p_broker,False,5609.032533688516
1375,retail,False,26803.604590799783
1376,retail,False,3754.1336066499534
1377,merchant,False,25932.174886247896
1378,retail,True,5649.523349373003
1379,retail,False,8242.226317158076
1380,retail,False,3111.5724246260124
1381,retail,False,10683.87263887633
1382,retail,False,3064.7485725965107
1383,escrow,False,6897.553549283678
1384,p2p_broker,False,800.2770928161553
1385,retail,False,403.9911354964925
1386,retail,False,143.66903303783664
1387,retail,False,1468.2065903750636
1388,merchant,False,6090.7976229575415
1389,retail,False,449.7317758199522
1390,merchant,False,20783.681443947455
1391,merchant,False,16955.648931742602
1392,retail,True,2793.3903056090116
1393,retail,False,1402.9127755597565
1394,merchant,False,8741.702330961945
1395,retail,False,8464.155557659535
1396,retail,False,496.8884969731653
1397,merchant,False,10769.072008368554
1398,retail,False,11656.958743780622
1399,retail,False,12047.888254253037
1400,retail,True,2018.935958503906
1401,retail,False,4154.242501573794
1402,p2p_broker,False,6184.151256328698
1403,retail,False,3.428322370980709
1404,retail,False,6580.131433632726
1405,retail,False,8070.243982340873
1406,p2p_broker,False,9963.665040346654
1407,retail,False,184.42321424009725
1408,merchant,False,5726.983239028279
1409,retail,False,1631.1194191224322
1410,merchant,False,2529.647016384817
1411,p2p_broker,False,167.30992764645384
1412,merchant,False,19222.038814552583
1413,merchant,False,14547.946300859197
1414,retail,False,131.80890196672223
1415,retail,False,13142.268160471513
1416,retail,False,1790.0786235734754
1417,retail,False,40.23476953482297
1418,merchant,False,15742.949459709282
1419,p2p_broker,False,4745.161159219066
1420,retail,True,395.46208220416895
1421,retail,False,15144.096701270977
1422,retail,False,8172.792402591385
1423,retail,False,12534.368976496473
1424,retail,True,5959.619679144546
1425,retail,False,96.34770837512232
1426,retail,False,36874.101767405526
1427,retail,False,520.5544297565273
1428,retail,False,1056.8522489405916
1429,retail,False,17945.325689605434
1430,merchant,False,4557.383018519495
1431,retail,False,197.33321529023124
1432,retail,False,13607.839530897125
1433,retail,False,4594.977855777952
1434,retail,False,638.151147024079
1435,p2p_broker,False,4406.559964520751
1436,retail,False,9466.868491143972
1437,retail,False,5080.160184909988
1438,merchant,False,15796.200166248156
1439,p2p_broker,False,1201.82488689011
1440,retail,False,70.28708052619832
1441,retail,False,28974.343263674633
1442,retail,False,580.6210341378451
1443,retail,False,7047.591671117576
1444,retail,False,2416.898119322837
1445,retail,False,6144.509624352948
1446,merchant,False,17866.12608683786
1447,retail,False,12770.110037887394
1448,retail,False,2835.8472796414662
1449,retail,True,2498.567580868784
1450,merchant,False,17189.42200016819
1451,retail,False,15995.606123308775
1452,merchant,False,29619.116649919823
1453,merchant,False,4979.712034182326
1454,retail,False,85.67838301403611
1455,retail,False,3904.9556624904876
1456,retail,False,53104.75563249591
1457,retail,False,1416.6820214342852
1458,merchant,False,7972.947460087005
1459,retail,True,4801.613751475632
1460,retail,False,7827.06264848609
1461,retail,False,1708.112996836094
1462,retail,False,12027.969157742125
1463,retail,False,1196.1757005375648
1464,retail,False,4890.4349674230325
1465,retail,False,375.21668621235585
1466,retail,False,6649.371449502434
1467,retail,False,758.4119584384885
1468,retail,False,6113.894292227344
1469,retail,False,1152.6172138162326
1470,merchant,False,2786.3729221727913
1471,retail,False,3354.5265545343927
1472,retail,False,5705.361944704356
1473,retail,False,3685.0117037499076
1474,retail,False,1665.977953991097
1475,retail,False,522.7855278042346
1476,retail,False,4256.601648582628
1477,escrow,False,193.25900347900915
1478,retail,False,4029.8783261175913
1479,retail,False,5313.440504097728
1480,retail,False,2948.6849303687486
1481,retail,False,3167.3784339664317
1482,retail,False,1298.8790612191049
1483,retail,False,4142.649479151943
1484,retail,False,528.9716586989954
1485,retail,True,1555.156129843746
1486,p2p_broker,False,2682.6218367863903
1487,retail,False,11239.914458684136
1488,merchant,False,12118.866793470996
1489,retail,False,1095.5564814176785
1490,retail,False,2347.45226218708
1491,merchant,False,17115.289553004233
1492,retail,False,896.6098363346373
1493,retail,False,6360.589349647457
1494,retail,False,6195.070513338614
1495,retail,False,7020.414461757209
1496,merchant,False,900.082982759231
1497,retail,False,673.5046335749396
1498,retail,False,596.3883945058893
1499,retail,False,4175.501260021621
1500,retail,False,3558.6113796236195
1501,p2p_broker,False,9001.046504118392
1502,retail,False,809.1927063413575
1503,retail,False,1801.8499700674206
1504,merchant,False,5286.736579733272
1505,retail,False,971.3935693754408
1506,retail,False,8.527594200532732
1507,retail,False,2769.3597677019893
1508,retail,False,639.9056246261417
1509,retail,False,3439.2471551163612
1510,retail,True,4845.901456335847
1511,retail,False,696.146175856497
1512,retail,False,1759.7920957530364
1513,retail,False,840.3213619238866
1514,merchant,False,16149.795350997094
1515,retail,False,640.3859469627589
1516,retail,False,5679.683603330888
1517,p2p_broker,False,16599.276924696154
1518,retail,False,6149.756138073116
1519,retail,True,1218.0225496161452
1520,retail,False,1712.605269488752
1521,retail,False,6409.4362855787
1522,merchant,False,8676.199218980357
1523,retail,False,4756.734704903579
1524,retail,True,6833.33829167419
1525,retail,False,28377.86260828107
1526,retail,True,5393.152868311787
1527,retail,False,975.9332756249545
1528,retail,False,13906.37725366566
1529,retail,False,2739.8506263781874
1530,retail,False,5751.032123533422
1531,retail,False,853.8568593203328
1532,retail,False,2454.0446558348276
1533,retail,False,3803.326681947377
1534,retail,False,2674.998640732416
1535,retail,False,1310.5620282649636
1536,retail,False,7812.988418279098
1537,retail,True,5502.113909177758
1538,merchant,False,55989.77232973622
1539,retail,False,15270.585297780466
1540,merchant,False,11150.27958782361
1541,retail,False,3468.720160328642
1542,retail,False,211.532286213026
1543,retail,False,2478.4522367780696
1544,retail,False,2681.282593131378
1545,retail,False,1149.7457572448968
1546,retail,True,1745.1315060022043
1547,retail,False,2189.5798831136717
1548,retail,False,3067.894002671799
1549,retail,False,3998.4002949372352
1550,retail,False,4644.460182995894
1551,retail,False,3718.5298922211723
1552,retail,False,1032.080700030633
1553,retail,False,873.9247143104591
1554,retail,False,820.1263275536178
1555,retail,False,1225.3151813087777
1556,merchant,False,603.521838126668
1557,retail,False,637.1144974311288
1558,retail,False,8095.283855091528
1559,merchant,False,42103.94816844871
1560,escrow,False,1904.5710627286617
1561,retail,False,198.7179210300729
1562,merchant,False,62547.481989179614
1563,merchant,False,14598.524164688726
1564,retail,False,7712.971888167005
1565,retail,True,4168.64557144289
1566,retail,False,815.4987299728857
1567,retail,False,2339.755608402237
1568,retail,False,3720.394761309679
1569,retail,False,7766.284945185459
1570,retail,False,3.0053485041109376
1571,retail,False,6301.9539339773655
1572,retail,False,4885.473596921931
1573,merchant,False,12948.440835474514
1574,retail,False,3943.275236321995
1575,retail,False,3400.7002981652563
1576,retail,False,3386.781749098753
1577,merchant,False,3035.3056377119933
1578,escrow,False,12373.170100508538
1579,merchant,False,1445.2982635617545
1580,merchant,False,37700.10187920887
1581,retail,False,2276.6869333966433
1582,retail,False,18957.50085081716
1583,retail,False,5295.540328580512
1584,retail,True,5827.740381607425
1585,merchant,False,2681.736508277022
1586,retail,False,3621.4956096775304
1587,retail,True,11193.433547386117
1588,retail,False,4931.625565391328
1589,retail,False,3914.4734956266025
1590,retail,True,8640.64498322084
1591,retail,False,6684.707878842784
1592,merchant,False,13522.951039654796
1593,retail,False,6653.072555849179
1594,merchant,False,16741.486089034734
1595,retail,True,2871.7847094205117
1596,retail,False,2373.642515425269
1597,retail,False,648.7261932763485
1598,merchant,False,11584.769099979154
1599,retail,False,1585.3792866253043
1600,merchant,False,15444.090951209484
1601,retail,False,2457.3083297803905
1602,retail,False,5550.1272032692095
1603,merchant,False,28329.81249909383
1604,retail,False,16140.504357488862
1605,retail,False,6320.759388870919
1606,p2p_broker,False,8356.8389784709
1607,retail,False,300.7637292466716
1608,retail,False,7086.40277305356
1609,retail,False,3080.256973279356
1610,retail,False,2418.1029563185934
1611,retail,False,193.69258241193268
1612,retail,False,1123.6506465723064
1613,retail,False,6732.036596645314
1614,merchant,False,5878.62622277785
1615,retail,False,2021.3431172375538
1616,retail,False,129.9691366453446
1617,retail,False,3271.494509506711
1618,escrow,False,1261.9522547184006
1619,retail,False,6840.781116060016
1620,retail,True,2563.511671721081
1621,retail,False,421.12411936506356
1622,merchant,False,21312.70633200678
1623,retail,False,858.5329840288842
1624,retail,False,1813.5195241185766
1625,retail,False,937.9704294478028
1626,retail,True,1780.7959933877776
1627,retail,False,147.63391096356384
1628,retail,False,9564.070243628983
1629,retail,False,3659.0526469253323
1630,retail,False,4344.384343842459
1631,merchant,False,8386.439716655326
1632,retail,False,4449.214818877469
1633,retail,False,4520.482221303096
1634,p2p_broker,False,6430.391777210289
1635,retail,False,9916.181541947757
1636,retail,False,3005.2072889411133
1637,merchant,False,35820.941293568685
1638,retail,False,226.72229392784715
1639,retail,False,1117.0598037722377
1640,retail,False,182.55696856807216
1641,retail,False,1186.3733375286722
1642,retail,False,3705.269644522458
1643,retail,False,2408.370448701514
1644,retail,False,14534.442616934713
1645,retail,False,46385.68740889386
1646,retail,False,2236.361091544833
1647,retail,False,328.60958262148085
1648,merchant,False,23531.97756861402
1649,merchant,False,4160.193180875204
1650,retail,False,4001.430303999778
1651,retail,False,4651.902000186092
1652,retail,False,55297.13199395325
1653,retail,False,2105.9543036428736
1654,merchant,False,2468.6476399866146
1655,retail,False,2364.608190182632
1656,retail,False,367.3468824653079
1657,merchant,False,38996.1316908026
1658,retail,False,3837.41180729502
1659,retail,False,45.58204476842188
1660,retail,False,1011.7598965657348
1661,retail,False,7211.159243347349
1662,retail,False,1203.5085991195738
1663,retail,False,592.7785897773431
1664,merchant,False,12957.30915482023
1665,merchant,False,9788.546647282425
1666,merchant,False,55403.0034565329
1667,retail,False,21622.802142590495
1668,retail,False,3042.6900926073613
1669,merchant,False,10197.008996488157
1670,retail,False,439.2050797495713
1671,retail,False,196.72684612887633
1672,retail,False,1926.0025483965046
1673,retail,False,5402.234674045868
1674,retail,True,3699.3000676627453
1675,merchant,False,27928.67281332869
1676,retail,False,7239.790627621107
1677,retail,False,1016.3082494155423
1678,merchant,False,2258.6665910459865
1679,retail,False,1867.8807822003814
1680,retail,False,3279.8214660618955
1681,merchant,False,1476.342599281582
1682,retail,False,1076.2625969230498
1683,retail,False,2731.145823871765
1684,retail,False,2489.3823415730108
1685,retail,False,2342.5001335900038
1686,retail,False,59.52120080433289
1687,retail,False,6722.646205941617
1688,retail,True,7264.048550744394
1689,retail,False,2277.64867241034
1690,retail,False,52960.90771394065
1691,merchant,False,10757.259473237391
1692,retail,False,1142.5005854866213
1693,retail,False,2305.7378015629574
1694,retail,False,1491.411348401782
1695,retail,True,2059.6353661191415
1696,retail,False,3691.695480239351
1697,retail,False,1994.5622827548011
1698,p2p_broker,False,3627.525079637534
1699,retail,True,3346.4501066217044
1700,merchant,False,19561.67748592349
1701,p2p_broker,False,31715.364908273998
1702,retail,False,642.1757593995351
1703,retail,False,2185.8072829443645
1704,retail,False,6695.248322327527
1705,p2p_broker,False,602.3505793384165
1706,retail,False,3193.7647279857465
1707,retail,False,2698.3742643209903
1708,merchant,False,36080.493994392025
1709,retail,False,4020.2119544466336
1710,retail,False,7935.424130844499
1711,retail,False,6880.7562042881855
1712,p2p_broker,False,4089.7733781170787
1713,merchant,False,42077.56432758431
1714,retail,False,4104.243355506276
1715,retail,False,3795.006509266906
1716,retail,False,2312.6445478312626
1717,retail,True,1756.354098079951
1718,retail,False,1135.2429617496864
1719,merchant,False,5356.8775668381995
1720,retail,False,6605.583724430565
1721,retail,False,15687.705839729477
1722,retail,False,21051.119040078152
1723,retail,False,2190.472375501357
1724,retail,False,7854.62834148819
1725,retail,False,4068.893378121605
1726,retail,False,9106.51126281021
1727,merchant,False,12461.130700109728
1728,retail,False,2918.934537998178
1729,retail,False,3052.4420160566674
1730,merchant,False,5081.5931171925895
1731,retail,False,901.3467896355448
1732,retail,False,8981.270396604012
1733,retail,False,5334.982618319961
1734,merchant,False,7765.2825319123585
1735,retail,False,10652.233432605472
1736,merchant,False,29274.754773078566
1737,retail,True,1932.151359461509
1738,retail,False,2777.1359351370065
1739,retail,False,3809.975341330515
1740,retail,False,10115.86591246541
1741,retail,False,3434.4856268678536
1742,retail,False,5254.87524844241
1743,p2p_broker,False,3725.0859986015557
1744,retail,False,1982.3960973028506
1745,retail,False,6399.324713468557
1746,retail,False,413.5653572542525
1747,retail,False,3468.621004910947
1748,retail,False,3289.87465644695
1749,retail,False,1776.9767888950882
1750,retail,False,7431.496791406848
1751,retail,False,3146.047920981546
1752,merchant,False,26956.35490203231
1753,merchant,False,6333.039279302897
1754,retail,False,159.20354929490307
1755,retail,False,2059.0065904850067
1756,retail,True,5551.833591514555
1757,p2p_broker,False,407.76766915098415
1758,merchant,False,31447.034845925442
1759,merchant,False,25980.54564499172
1760,retail,False,1655.9956401932368
1761,retail,False,9670.64029054229
1762,retail,False,6767.071762288544
1763,retail,False,386.96902907614674
1764,retail,True,1831.2008159386278
1765,retail,False,1635.3538728116982
1766,p2p_broker,False,6003.470352421482
1767,retail,False,4819.85175822064
1768,retail,False,1986.8693222810116
1769,merchant,False,12703.026440622776
1770,retail,False,1200.06181332282
1771,retail,False,3499.4173592583434
1772,retail,False,2899.6589124073776
1773,merchant,False,11337.539453688594
1774,retail,False,15360.09677630365
1775,retail,False,12986.639017028356
1776,retail,False,17024.02975818241
1777,retail,False,1896.2860467782139
1778,retail,True,1904.3006433979865
1779,retail,False,46.57147108933371
1780,retail,False,2950.937372421601
1781,retail,True,332.11834745103044
1782,retail,False,8463.622785123267
1783,retail,False,5501.4871335866865
1784,retail,False,834.9882775382706
1785,merchant,False,10115.379329002682
1786,retail,False,2468.3511581838807
1787,retail,False,11945.285605216715
1788,merchant,False,8810.456020253712
1789,retail,False,6588.797660686372
1790,retail,True,6241.335415759041
1791,retail,False,2053.490162637717
1792,retail,False,5489.836006688787
1793,retail,False,3169.585419429902
1794,merchant,False,24181.54683871018
1795,retail,False,7032.895217032558
1796,retail,False,3899.4851478479895
1797,retail,False,1103.7768303346484
1798,retail,False,14379.89571366216
1799,retail,False,1716.2212852890814
1800,retail,False,12207.767864260886
1801,retail,False,5023.034554380874
1802,retail,False,182.70937321017686
1803,retail,False,1753.2925938358294
1804,retail,False,93.97124094524358
1805,retail,False,394.30704176776504
1806,retail,False,3062.873155771365
1807,retail,False,8216.895439489863
1808,retail,True,1240.0468657457309
1809,retail,False,10282.90332312703
1810,retail,True,14981.842331295966
1811,retail,False,12795.53482389348
1812,retail,False,6839.153401452609
1813,retail,False,1717.9478784077812
1814,merchant,False,2715.5672846152015
1815,retail,False,1350.262443107547
1816,retail,False,831.5252060966703
1817,retail,False,1761.2739403475475
1818,retail,True,15755.905730511833
1819,retail,False,5830.766610282155
1820,merchant,False,18835.829390079285
1821,retail,False,22176.364052631503
1822,retail,False,1932.0620625807928
1823,retail,False,328.3013565036016
1824,retail,False,6596.928828960136
1825,retail,False,2063.9299763238764
1826,retail,False,6348.955927100897
1827,retail,False,1589.7417054485525
1828,merchant,False,8887.746750048302
1829,retail,False,1455.0238284636578
1830,retail,True,385.6654256078991
1831,p2p_broker,False,2087.1144367675106
1832,retail,False,4416.629011566196
1833,retail,False,15708.419566301893
1834,retail,False,4672.555916116736
1835,retail,False,543.8241607995506
1836,retail,False,85203.92828124207
1837,retail,False,1328.4105077923095
1838,retail,False,637.9245557356395
1839,retail,False,3388.633010230061
1840,retail,False,243.1122282085459
1841,retail,True,3671.96421274709
1842,retail,False,15426.26519002814
1843,merchant,False,1341.6424581060683
1844,retail,False,4539.465349844464
1845,retail,False,4752.423318228139
1846,retail,False,15207.077089220717
1847,retail,False,7694.721825709489
1848,retail,True,5554.777977028439
1849,retail,False,26167.85645636183
1850,retail,False,3409.163546570555
1851,merchant,False,21021.219114677344
1852,retail,False,1884.623627201371
1853,retail,False,868.3431392820835
1854,merchant,False,479.67430772047254
1855,escrow,False,2216.828478214853
1856,retail,False,8150.077501833975
1857,retail,False,2748.0438173164243
1858,retail,False,350.0874119858615
1859,retail,False,1825.039647528147
1860,retail,False,3673.9191508225085
1861,escrow,False,17616.20717642576
1862,escrow,False,2896.197937288888
1863,retail,False,694.0679336361773
1864,retail,True,951.8292915536026
1865,merchant,False,32102.902265516335
1866,merchant,False,16389.566861119503
1867,retail,False,5927.062722389607
1868,retail,False,1535.4306065817666
1869,merchant,False,26475.826922769378
1870,retail,False,2111.610961691936
1871,retail,False,10723.015341380053
1872,p2p_broker,False,11900.876947691362
1873,p2p_broker,False,5811.645279947283
1874,merchant,False,34861.499244839375
1875,retail,False,101.23353087539104
1876,retail,False,4510.718262481374
1877,retail,False,1328.9788579051863
1878,retail,True,2672.3376189447436
1879,retail,False,5508.703983264824
1880,retail,False,1487.7799456842868
1881,retail,True,2348.792896698951
1882,retail,False,32.590798862330544
1883,retail,False,172.14949184772763
1884,retail,True,1968.642988036778
1885,retail,False,3989.4996231481473
1886,retail,False,7538.9898933791055
1887,retail,False,2642.1896037649194
1888,merchant,False,15517.0739655641
1889,retail,False,19.045631877792534
1890,retail,False,8511.443419966363
1891,retail,False,1652.7378122947366
1892,retail,False,758.4596660790936
1893,retail,False,328.75428669404204
1894,retail,False,804.8144542738371
1895,retail,False,6314.225271698659
1896,retail,False,322.1037956469949
1897,retail,False,4160.583391974762
1898,retail,False,1353.7563362573596
1899,retail,False,2448.4952017298115
1900,retail,True,3519.2755191502342
1901,retail,False,772.0842919111041
1902,merchant,False,19548.640406689585
1903,retail,False,6906.476041504728
1904,retail,False,6471.747701115546
1905,retail,False,404.3843696890043
1906,retail,False,768.2374051661176
1907,retail,True,11011.740944524068
1908,merchant,False,4888.567380535541
1909,merchant,False,11686.59219602894
1910,retail,False,2258.663934155979
1911,retail,False,12904.028785234917
1912,merchant,False,5339.116428050989
1913,retail,False,1244.738403609869
1914,retail,True,5881.924032905161
1915,retail,False,2186.814521237125
1916,retail,False,9115.099386387312
1917,retail,False,5361.453276786237
1918,retail,False,1922.8562324999868
1919,p2p_broker,False,12692.297015572323
1920,retail,False,2568.637518636404
1921,retail,False,14.50930186719117
1922,retail,True,6051.037452541588
1923,retail,False,435.1427393573444
1924,retail,False,3414.074868399345
1925,retail,True,1421.4914535128005
1926,retail,False,121.55063455931452
1927,retail,False,1779.175184721578
1928,retail,False,7796.750180711461
1929,retail,False,9632.939430394777
1930,retail,False,9944.284254358658
1931,retail,False,17931.044762455353
1932,retail,False,9536.527963729104
1933,merchant,False,1308.000394548007
1934,retail,False,57714.776373044
1935,retail,False,214.0249545051618
1936,retail,False,4230.031677916643
1937,retail,True,4097.864587403631
1938,retail,True,6643.877540660211
1939,retail,False,1719.1176784864765
1940,retail,False,2471.940169473881
1941,retail,False,2935.309227550261
1942,retail,False,693.8722627813379
1943,retail,True,9032.847602468073
1944,merchant,False,27135.236601343528
1945,merchant,False,2400.3802264725655
1946,retail,False,1936.4740418097244
1947,merchant,False,14627.4670457817
1948,retail,False,78635.86158568923
1949,merchant,False,7682.579795483671
1950,p2p_broker,False,2407.2999934742074
1951,retail,False,13472.085202324162
1952,retail,False,10108.11190146697
1953,p2p_broker,False,8142.1398114393
1954,merchant,False,17422.31952459309
1955,p2p_broker,False,15544.437381864354
1956,retail,False,11973.012750880713
1957,retail,False,10557.038962230326
1958,merchant,False,34589.52949858427
1959,retail,False,552.6540585879171
1960,retail,False,2957.2863049950515
1961,retail,False,129.99660196558096
1962,retail,False,10170.287489266837
1963,retail,False,8587.58755129335
1964,retail,False,3506.163668644715
1965,retail,False,2896.326891154165
1966,retail,False,3477.6578765998047
1967,merchant,False,19909.139291352305
1968,retail,False,4091.204262473161
1969,retail,False,4440.363553833109
1970,retail,False,10529.248173192313
1971,p2p_broker,False,262.3458832832657
1972,retail,False,625.643899995134
1973,retail,False,3155.9512265125736
1974,retail,False,10723.407196996843
1975,retail,False,2979.281953753607
1976,retail,False,2207.8253572454882
1977,merchant,False,11593.0399692129
1978,retail,False,2003.9357198216971
1979,retail,False,3064.6214149491325
1980,merchant,False,23990.11961164239
1981,retail,False,2436.1028597482714
1982,merchant,False,3022.5587982902157
1983,retail,False,8908.162439487336
1984,retail,False,13539.556568842161
1985,merchant,False,39148.1525009356
1986,retail,False,5506.043513174776
1987,retail,False,6376.391971401555
1988,p2p_broker,False,5623.928688436599
1989,retail,False,4225.067618611007
1990,retail,True,1846.3613496859532
1991,retail,True,12287.96142141606
1992,retail,False,2423.7434280460247
1993,retail,False,6734.956936609999
1994,retail,False,3911.870267254375
1995,retail,False,4971.964096631882
1996,retail,True,796.1976766241087
1997,retail,False,2707.5546683098582
1998,merchant,False,3655.950481478737
1999,retail,False,12198.547768064467
2000,merchant,False,23526.449904877707
2001,retail,True,2267.812667361606
2002,p2p_broker,False,262.32261476185795
2003,retail,False,2349.6592819850557
2004,retail,False,1837.3096472145542
2005,merchant,False,34352.080001861534
2006,retail,False,7388.420215720147
2007,retail,False,32632.77236851327
2008,retail,False,9045.43731842446
2009,retail,True,2906.11475922885
2010,retail,False,7372.648367070061
2011,retail,False,6.47650022414382
2012,retail,True,5313.415631753722
2013,retail,False,13616.126440878521
2014,retail,False,91.0947041528902
2015,retail,False,11625.028612897542
2016,retail,False,2602.652351576104
2017,retail,True,5106.719186004395
2018,retail,False,264.19544106455135
2019,retail,False,3051.836590310223
2020,retail,False,5271.388556412788
2021,retail,False,8.937631938354372
2022,retail,False,3055.512054914047
2023,retail,False,93907.93730953777
2024,retail,False,4291.247597711116
2025,retail,False,712.5144458264533
2026,merchant,False,6718.832921192806
2027,retail,False,20862.52996096868
2028,retail,False,5893.806390330452
2029,retail,False,386.21690645728813
2030,retail,False,4408.025568538304
2031,retail,False,786.6688696769478
2032,retail,False,2288.257357328338
2033,retail,False,4702.290532719443
2034,retail,False,11818.335056267015
2035,retail,False,4903.900449978977
2036,merchant,False,26681.360647213947
2037,retail,False,16074.69673390116
2038,retail,False,1027.2391528252258
2039,retail,False,9535.076400269461
2040,retail,False,4825.287709607607
2041,retail,False,2184.2122584115314
2042,retail,False,4620.921679257305
2043,merchant,False,40.57688234464217
2044,p2p_broker,False,13839.889771510665
2045,retail,False,3249.0818007783732
2046,retail,False,569.3395331383672
2047,retail,False,1093.6055819166336
2048,retail,False,4374.9055852554775
2049,retail,True,15.209664824529284
2050,p2p_broker,False,1217.0483602467903
2051,retail,False,309.43809973324164
2052,retail,False,10334.861146058176
2053,merchant,False,5616.181402989161
2054,retail,False,72.95029582029042
2055,retail,True,12046.134260667883
2056,p2p_broker,False,2607.5386505550646
2057,retail,True,5764.715310406329
2058,retail,False,1349.4191929670455
2059,retail,True,123.10271200700299
2060,merchant,False,2399.4423733540707
2061,retail,False,7956.63653053637
2062,retail,False,9218.70407979874
2063,retail,False,4165.325324747001
2064,retail,False,4349.813291565263
2065,merchant,False,7776.191545732209
2066,retail,False,3661.3207685758425
2067,p2p_broker,False,23010.190125574925
2068,retail,False,13181.1944746612
2069,retail,False,13980.475546410098
2070,merchant,False,4945.775771740471
2071,retail,True,366.15350195183953
2072,retail,False,12137.172725979295
2073,merchant,False,3202.690242244154
2074,retail,False,3758.6543860428887
2075,retail,False,4839.265364038469
2076,p2p_broker,False,1699.094710067959
2077,retail,False,15654.144397009419
2078,retail,False,2299.2179199272296
2079,retail,False,3853.596375005086
2080,retail,False,795.2678458379183
2081,retail,False,1358.14416276158
2082,retail,False,3843.9905350208037
2083,retail,False,4955.610165475937
2084,retail,False,383.427889995491
2085,retail,False,6913.507435152311
2086,retail,True,847.606391713151
2087,retail,False,2831.2643813284526
2088,retail,False,2952.2105586332145
2089,retail,False,1020.4873140011598
2090,retail,False,4887.501619821751
2091,merchant,False,15088.060653547678
2092,retail,False,4522.658677078972
2093,retail,False,2299.385196845915
2094,merchant,False,71704.69008978357
2095,retail,False,7403.237009128597
2096,retail,False,541.1759602527923
2097,retail,False,192.71036862912484
2098,retail,False,2728.253461697704
2099,retail,False,1438.3895469708427
2100,retail,False,5359.240548290033
2101,retail,False,9558.733701431394
2102,merchant,False,4913.911445877119
2103,merchant,False,11720.494737968416
2104,retail,False,9105.947370858696
2105,retail,False,5406.1148788027385
2106,retail,False,396.60017429723104
2107,escrow,False,92.15070224168903
2108,retail,False,1489.0155532069784
2109,retail,False,2723.8280947382164
2110,retail,False,8166.175895489484
2111,retail,False,709.7368391205673
2112,retail,False,3162.5702584605633
2113,retail,False,1317.1773014266885
2114,retail,False,402.3754503293654
2115,merchant,False,11236.465506987915
2116,retail,False,1421.2429427138877
2117,retail,False,2565.575201681192
2118,retail,False,16134.557184955325
2119,retail,False,106.05605134171375
2120,retail,False,256.6804436826467
2121,retail,True,4392.066397552841
2122,retail,False,11167.215402152959
2123,retail,False,24216.522951598436
2124,retail,False,8824.988210135049
2125,retail,False,13180.582849357328
2126,retail,False,178.06506456738043
2127,retail,True,5441.269973627612
2128,retail,False,10671.874431001128
2129,retail,False,3013.9028508407414
2130,retail,False,1145.6488441369174
2131,retail,True,434.2305669865869
2132,escrow,False,336.93348892369477
2133,merchant,False,12174.29660365708
2134,retail,False,2282.4526883118374
2135,retail,False,6530.05950584912
2136,retail,False,7538.791862019055
2137,retail,False,2538.92380774201
2138,retail,True,2252.402149294735
2139,merchant,False,14251.357838750326
2140,merchant,False,13016.853267806517
2141,retail,False,43419.710235078215
2142,retail,False,5292.175966853598
2143,merchant,False,19426.462434053516
2144,retail,False,13161.141755506207
2145,merchant,False,4290.748931628265
2146,retail,False,2685.283626305517
2147,escrow,False,7152.126165794856
2148,retail,False,7921.333724999344
2149,retail,False,1348.7051610591284
2150,retail,False,3097.3271417642186
2151,retail,False,690.5008376076928
2152,retail,True,2793.0275773139697
2153,retail,False,3605.86333683769
2154,retail,False,4563.229258254514
2155,merchant,False,6394.922158157801
2156,retail,False,34186.56827813284
2157,retail,False,3128.683309011095
2158,retail,False,912.5902949821409
2159,retail,False,6238.926335154747
2160,retail,False,34266.31673383292
2161,retail,False,4686.892824559104
2162,retail,False,4637.674253979368
2163,retail,False,12282.390185249244
2164,merchant,False,18809.935108155343
2165,retail,False,1437.2331271291005
2166,merchant,False,25418.10475150947
2167,retail,False,1840.2428197620823
2168,retail,False,1743.9261844119783
2169,retail,False,8852.948976087735
2170,retail,False,2121.446470175991
2171,retail,False,2779.3559944305503
2172,retail,False,2739.828186183281
2173,retail,False,1329.564143406827
2174,retail,False,3531.6086977897803
2175,retail,True,2817.7842197522205
2176,retail,False,764.5865902465742
2177,merchant,False,22733.54729204788
2178,retail,False,4589.707892010046
2179,p2p_broker,False,218.8227040712012
2180,retail,False,7003.213480915851
2181,p2p_broker,False,2035.0849902706564
2182,merchant,False,3374.198923848998
2183,retail,False,1053.064636855007
2184,retail,False,111.14256144136883
2185,retail,False,5330.920100917119
2186,merchant,False,9356.771845445579
2187,retail,True,2284.6857873005233
2188,retail,False,169.5481740605842
2189,merchant,False,9489.116891319276
2190,retail,False,4124.817407453947
2191,retail,False,12246.822093439574
2192,retail,False,5949.117605418237
2193,retail,False,19563.75222361556
2194,retail,False,244.5116611741951
2195,merchant,False,15056.652917589861
2196,retail,True,8564.690622217488
2197,retail,False,1038.8990534200843
2198,retail,False,1548.5142018587876
2199,retail,False,2872.7438424821194
2200,retail,False,20430.377789115715
2201,merchant,False,1491.2475967181915
2202,merchant,False,32640.0378906384
2203,retail,False,4005.4050742290297
2204,retail,False,1385.3286316695785
2205,retail,False,2193.7045756060656
2206,retail,False,1929.2998540707695
2207,retail,False,303.1920136543007
2208,retail,False,1241.9033513011132
2209,retail,False,1092.2816060837283
2210,escrow,False,2739.048757573437
2211,retail,False,1655.4115637088128
2212,merchant,False,43151.3821002914
2213,retail,False,7747.738941647752
2214,merchant,False,17398.519994098253
2215,retail,False,38370.46942660019
2216,retail,False,2816.6495741673853
2217,merchant,False,44359.26846837033
2218,merchant,False,9702.619579127715
2219,retail,False,4739.007492878248
2220,retail,False,1096.9372113317324
2221,retail,False,2646.8217696834713
2222,retail,False,6695.9351166449405
2223,retail,False,3710.7255869987084
2224,merchant,False,28563.279230589527
2225,retail,False,1679.0412459197178
2226,retail,False,11199.981367645692
2227,retail,False,2744.722322012135
2228,retail,False,377.73106154515625
2229,retail,True,22578.14746205094
2230,retail,False,7400.990341026058
2231,retail,False,1751.313345620486
2232,retail,False,794.8531769025279
2233,merchant,False,8999.755347891401
2234,retail,False,3583.315266806349
2235,merchant,False,9322.148237545274
2236,retail,False,3198.795245297854
2237,retail,False,17163.966095229363
2238,retail,False,71.11432746830164
2239,retail,False,10010.856912552874
2240,retail,True,14479.805498297885
2241,retail,False,3832.6414430251216
2242,retail,False,4461.670952284224
2243,retail,True,3652.163080643515
2244,retail,False,5037.4220205891315
2245,retail,False,9440.10816957556
2246,retail,False,775.3773344448252
2247,retail,False,6870.044153941579
2248,retail,False,13215.387925001007
2249,retail,False,6820.320035115721
2250,retail,False,13930.932200553092
2251,retail,False,2314.3938696465048
2252,retail,False,2423.730003352547
2253,retail,False,2686.913080259101
2254,p2p_broker,False,11242.942443520631
2255,retail,False,3308.0506623300284
2256,merchant,False,14968.597505211288
2257,retail,False,1717.2770331941424
2258,retail,False,2643.833535339267
2259,retail,False,2198.365277821348
2260,retail,True,6140.970516739712
2261,p2p_broker,False,147.00192042852495
2262,retail,False,10860.69225655475
2263,retail,False,3723.0347592816315
2264,retail,False,3772.139795589969
2265,retail,False,2882.967416581806
2266,retail,True,1606.6770973577873
2267,retail,False,4675.397901289475
2268,retail,False,11.868135901137055
2269,merchant,False,3913.950423689895
2270,retail,False,570.6893900543041
2271,retail,False,2871.804366507802
2272,retail,True,1614.294016243922
2273,merchant,False,3985.841170683079
2274,merchant,False,9500.136623325983
2275,retail,False,5602.843220009446
2276,retail,False,10009.532974691012
2277,retail,False,357.89469027688904
2278,merchant,False,3870.7079497710106
2279,retail,False,3015.2616742716673
2280,retail,False,16323.077109650547
2281,retail,True,3605.336093687598
2282,retail,False,3658.1738162068254
2283,retail,False,2646.0109383560684
2284,retail,False,8515.209333685145
2285,retail,False,108.62572373481984
2286,merchant,False,7260.192463094395
2287,retail,False,8147.218468325904
2288,retail,False,6147.502720675552
2289,retail,False,47249.181229742586
2290,p2p_broker,False,3607.146029000114
2291,retail,False,6921.676238724655
2292,retail,True,11693.939365202974
2293,retail,False,2499.425036442765
2294,retail,False,8622.290941214113
2295,retail,True,224.82430331197764
2296,retail,False,8898.617061886112
2297,retail,False,254.21750534513183
2298,retail,False,7653.894489930224
2299,retail,False,7788.106466189926
2300,merchant,False,3396.6491683184554
2301,retail,False,4031.4741950630005
2302,retail,False,638.5765891098856
2303,retail,False,12220.64143970943
2304,retail,False,2657.6118396902793
2305,retail,False,84683.06366909319
2306,retail,False,4781.3807682326615
2307,retail,True,4195.5496712619915
2308,retail,False,6334.25047043475
2309,merchant,False,19917.559719351244
2310,escrow,False,6750.822376106137
2311,retail,False,4492.0026318649825
2312,retail,False,467.7076715825568
2313,retail,True,631.3280224514381
2314,retail,False,16683.135812689845
2315,retail,False,3043.5896009836806
2316,retail,False,7171.852177109666
2317,retail,False,287.6091649231415
2318,retail,False,1269.5552472503625
2319,merchant,False,26521.034338552217
2320,retail,False,4412.681236657905
2321,retail,False,440.33842716741185
2322,retail,False,5304.480139322033
2323,retail,False,3047.129108562281
2324,retail,False,5058.906677550315
2325,p2p_broker,False,4490.499780633447
2326,retail,True,4284.06793283459
2327,retail,False,6171.774420449236
2328,retail,False,5444.298771193953
2329,retail,False,1537.7860222206218
2330,retail,False,10936.38910964736
2331,retail,False,184.62681436864403
2332,merchant,False,2821.824958763669
2333,retail,False,4446.053106960462
2334,retail,False,1255.9544596279852
2335,retail,False,5149.75977118871
2336,merchant,False,7045.967281100892
2337,retail,False,104050.77349490128
2338,retail,False,10500.841883522535
2339,retail,False,300.75788200172616
2340,retail,False,8878.340950496275
2341,retail,False,1844.7977722068247
2342,retail,False,1440.2212973802243
2343,retail,False,211.33093396035108
2344,retail,False,995.6547673695001
2345,retail,False,542.9940782040097
2346,merchant,False,23757.533090654124
2347,merchant,False,31834.834067925392
2348,retail,False,23676.992526096223
2349,retail,False,9997.720867421873
2350,retail,False,2655.0271498579814
2351,merchant,False,19659.373202067563
2352,retail,True,2881.5059223216895
2353,retail,False,1331.8562319445207
2354,retail,False,4518.113602617498
2355,retail,False,953.2093298739795
2356,retail,False,1505.3900465983425
2357,retail,True,799.4966031579827
2358,p2p_broker,False,18161.938401743093
2359,retail,False,1618.6757415330198
2360,merchant,False,41463.34682688094
2361,retail,True,2651.8801855613247
2362,retail,False,8661.690587826297
2363,merchant,False,9800.941993472652
2364,retail,False,675.513084389973
2365,retail,True,1464.6595880954515
2366,retail,True,10979.047090354397
2367,retail,False,10198.010601914539
2368,retail,False,719.1362123242766
2369,retail,False,29430.87233599428
2370,retail,False,3762.706371816992
2371,retail,True,5873.720750051466
2372,retail,False,11192.4898781663
2373,retail,False,5808.797876165417
2374,retail,False,11515.274555246082
2375,retail,True,282.724804975815
2376,merchant,False,3228.3509340351675
2377,retail,False,6774.369825897487
2378,retail,False,8803.647419171193
2379,retail,False,1177.9404073564258
2380,merchant,False,6796.189424685939
2381,retail,False,5086.793499383649
2382,retail,False,6635.454734718325
2383,retail,False,5724.279630977912
2384,retail,False,1228.5665393148847
2385,retail,False,3008.263813929106
2386,p2p_broker,False,6329.487280239082
2387,retail,False,1349.9809827972647
2388,retail,False,1469.8089960464424
2389,retail,False,10542.168193177087
2390,retail,False,9628.141472111403
2391,retail,False,59547.05041485561
2392,retail,False,1553.8141923888384
2393,retail,False,55.88142422611624
2394,retail,False,2022.929119928547
2395,escrow,False,14.68106801012891
2396,retail,False,308.2952455092967
2397,retail,False,2343.666865517602
2398,retail,False,4414.963761809732
2399,retail,False,1069.9934314039208
2400,retail,False,2290.8555837694876
2401,retail,True,6273.775821176192
2402,retail,False,10052.300552723433
2403,merchant,False,14820.837572764889
2404,merchant,False,17998.195653367933
2405,retail,False,6848.416057088435
2406,retail,False,2502.0680827592896
2407,retail,False,2984.9301990996432
2408,retail,False,6489.831982100737
2409,merchant,False,27666.344009857068
2410,retail,False,1019.8791591062385
2411,p2p_broker,False,1775.1654917401102
2412,retail,False,2240.344926882181
2413,retail,False,442.74481910808964
2414,retail,False,371.3280843130635
2415,retail,False,1056.9304472699253
2416,retail,False,3397.3454278448517
2417,retail,False,3992.416487877906
2418,retail,True,7091.939830443339
2419,merchant,False,12423.885683828761
2420,retail,False,771.3302290275018
2421,retail,False,11305.469811665067
2422,retail,False,1539.1009321769147
2423,retail,False,8887.613346737073
2424,merchant,False,12851.399144847002
2425,retail,False,3044.420473507477
2426,retail,False,6385.5596366970685
2427,retail,True,5918.421947230638
2428,retail,True,1718.0107954580612
2429,retail,False,6426.285460645827
2430,merchant,False,7259.002148376762
2431,retail,False,1986.346149814861
2432,retail,True,967.1039674777861
2433,retail,False,752.8787143424823
2434,retail,False,3005.720044652347
2435,p2p_broker,False,5583.49696737928
2436,retail,False,832.6268416764326
2437,retail,False,3751.8167682091625
2438,retail,False,2122.332713337963
2439,retail,False,4743.176906834768
2440,escrow,False,8633.649261799814
2441,retail,False,2139.884165218922
2442,retail,False,9216.06820529147
2443,retail,False,9848.551540849418
2444,retail,False,4679.851402859114
2445,retail,False,5671.424777879243
2446,retail,False,2920.149797577546
2447,retail,False,720.9515167297604
2448,retail,False,1202.4919356610876
2449,retail,False,688.7282856017687
2450,retail,False,6099.013802129248
2451,retail,False,147.15856334564089
2452,retail,False,356.3094761392655
2453,retail,False,4647.781640012929
2454,retail,False,2463.8367274114607
2455,retail,False,791.1675456918531
2456,retail,False,54072.635807561346
2457,retail,False,2387.8511667346143
2458,retail,True,8354.641911189143
2459,retail,False,7192.016029371996
2460,merchant,False,4719.927938260218
2461,retail,False,2672.6643081072084
2462,retail,False,2977.3640122232946
2463,retail,False,5579.226630420853
2464,retail,False,9766.530193181989
2465,retail,False,14228.682192018774
2466,merchant,False,8293.678578506846
2467,retail,False,416.56184126653847
2468,retail,False,946.5165308994132
2469,retail,False,4725.870579746472
2470,retail,False,3333.479338774896
2471,merchant,False,17492.683200941086
2472,retail,False,5672.195942942276
2473,retail,False,3805.8900614672807
2474,retail,False,8832.494647746198
2475,retail,False,231.52052127010813
2476,retail,False,743.991199381069
2477,retail,False,6843.668023212951
2478,retail,False,3981.632774228751
2479,merchant,False,32850.33642594324
2480,retail,False,1720.3061897141422
2481,retail,False,8533.23446608305
2482,retail,False,1385.926863143469
2483,retail,False,316.15498553576595
2484,merchant,False,9283.713260770384
2485,retail,True,19311.467469353956
2486,retail,False,5566.842781492834
2487,merchant,False,1853.878600000882
2488,retail,False,1682.3180404791183
2489,retail,False,3571.3030048722194
2490,p2p_broker,False,18996.511069354936
2491,retail,False,1581.9711493745267
2492,retail,False,241.91635805483395
2493,merchant,False,19267.180834989376
2494,merchant,False,9378.932410688249
2495,retail,False,13419.537357241414
2496,retail,False,670.9687054695778
2497,retail,False,561.0219953686488
2498,merchant,False,24586.370906926266
2499,retail,True,753.499406700905
2500,retail,False,4754.105155524864
2501,retail,False,4952.853791384846
2502,p2p_broker,False,2981.518006119636
2503,merchant,False,39394.62741428079
2504,retail,False,2082.5054933355336
2505,retail,True,3428.2164723138235
2506,merchant,False,11465.426655118072
2507,merchant,False,31735.74392466483
2508,retail,True,2008.9914732591628
2509,retail,False,2103.8931307653565
2510,retail,False,1586.2764762892602
2511,retail,False,3275.5950463588083
2512,retail,False,1387.1269102073295
2513,retail,False,27330.923372025136
2514,retail,False,2718.4501196891524
2515,merchant,False,15578.324987147538
2516,retail,False,1444.0425333765288
2517,retail,False,7905.479127227357
2518,retail,False,6557.759294651782
2519,retail,False,3464.8085250973136
2520,retail,True,3588.250747038288
2521,retail,False,1941.9946902057936
2522,retail,False,4300.745592090622
2523,retail,False,314.8743671432403
2524,merchant,False,281.8277192856435
2525,retail,False,776.5383911620896
2526,merchant,False,11439.877078793748
2527,merchant,False,5233.008706301406
2528,merchant,False,13795.695440297844
2529,retail,False,7204.1828946243495
2530,retail,False,14647.537834701398
2531,retail,False,8567.10381729271
2532,retail,False,773.6865323606876
2533,retail,False,2751.9860450726637
2534,p2p_broker,False,4369.042905420014
2535,retail,True,14175.124613935568
2536,retail,False,987.4944504698058
2537,retail,False,186.39757405812398
2538,retail,False,4317.241400797536
2539,retail,False,1.327294323416595
2540,retail,False,1368.35247174246
2541,retail,False,3535.490586121137
2542,retail,False,14372.367314644656
2543,retail,True,3201.02105795632
2544,retail,False,949.4861876768657
2545,retail,False,8065.618288283621
2546,p2p_broker,False,10901.8322426841
2547,retail,False,3441.5659964475312
2548,retail,False,15166.30855740893
2549,retail,False,2394.5853753840815
2550,retail,True,4163.2029993495935
2551,retail,False,7672.127356551013
2552,retail,False,8080.750362651533
2553,p2p_broker,False,3851.190614451926
2554,retail,False,3763.8988443760522
2555,retail,False,22724.299736753474
2556,retail,False,3856.422056785262
2557,retail,False,13769.18263378132
2558,retail,False,3288.112664655887
2559,retail,True,16726.501855600207
2560,retail,False,6338.133776075163
2561,retail,False,931.1494321441947
2562,retail,False,1501.8125402412782
2563,retail,False,6468.73698721882
2564,retail,True,7396.79182402042
2565,retail,False,1305.5520184491459
2566,retail,False,2646.1318287156505
2567,retail,False,1990.6581326809676
2568,retail,False,299.85101459327325
2569,escrow,False,5870.281631094249
2570,retail,False,5956.430600971205
2571,retail,False,13153.94424479726
2572,retail,True,990.2398891134653
2573,merchant,False,7950.051915352636
2574,retail,False,1144.9901060958114
2575,retail,False,1262.0813334427696
2576,retail,False,2385.6777109984478
2577,merchant,False,13681.739853521236
2578,retail,False,8087.185031481458
2579,merchant,False,50674.05810355065
2580,retail,False,2754.4342428304135
2581,merchant,False,11716.408089106655
2582,retail,False,1991.6106252900636
2583,retail,False,169.9108225971017
2584,retail,False,3642.1420854661146
2585,retail,False,197.22294172537264
2586,retail,False,5137.326487631341
2587,retail,False,7226.551160875778
2588,retail,False,10013.610067536185
2589,retail,False,344.9877311381408
2590,retail,False,7679.382984132684
2591,merchant,False,24834.450446992767
2592,retail,False,196.90465507784643
2593,retail,False,1224.6102866848116
2594,retail,False,87.64307844412647
2595,merchant,False,840.0714385082133
2596,retail,False,2094.231011032614
2597,retail,True,1289.5213161975971
2598,merchant,False,22367.78929919643
2599,p2p_broker,False,1577.0813700667559
2600,retail,True,43.64982742129772
2601,retail,False,927.0200018768267
2602,retail,True,296.7609410896281
2603,retail,False,5288.672310641235
2604,retail,False,140.55574947476856
2605,retail,False,21305.424671614008
2606,retail,False,2812.491516174475
2607,retail,True,3794.698054337867
2608,retail,True,6595.427726241758
2609,retail,False,1142.33134761872
2610,merchant,False,8013.616403746922
2611,merchant,False,7602.933446625278
2612,retail,False,807.7310559652155
2613,retail,False,2201.710664837266
2614,retail,False,107.23097075896965
2615,retail,False,3191.487055928471
2616,retail,True,2516.7870965295415
2617,merchant,False,16283.317679584856
2618,merchant,False,7572.405999626973
2619,merchant,False,22193.34914373286
2620,merchant,False,14365.544438522367
2621,p2p_broker,False,5194.84659827191
2622,retail,False,6487.412609816608
2623,merchant,False,15904.84030184493
2624,retail,False,424.2518197700594
2625,retail,False,3138.599725159022
2626,retail,False,265.35860350396104
2627,retail,True,5599.134700788356
2628,retail,False,336.4752179999846
2629,retail,False,5317.179397494256
2630,retail,True,18222.756315169423
2631,retail,False,3552.0690994538377
2632,merchant,False,17760.74001569952
2633,retail,False,13344.545468964188
2634,retail,False,3566.5474295922063
2635,retail,False,1150.9965974954753
2636,retail,False,3656.904474154793
2637,retail,False,5311.733068676987
2638,merchant,False,1772.5789929716293
2639,retail,False,6788.238914389906
2640,retail,False,5521.336603260691
2641,retail,True,3766.1955735891725
2642,retail,True,26110.863317645923
2643,merchant,False,7852.363606502302
2644,retail,False,15723.347992662984
2645,merchant,False,5493.2083264928715
2646,retail,True,1171.3087697363953
2647,retail,True,6931.4447256701
2648,retail,False,10476.270804725104
2649,merchant,False,6596.701021229497
2650,escrow,False,2556.683619609931
2651,retail,False,407.74709688224044
2652,merchant,False,2518.1563178263004
2653,retail,False,2500.6593250681526
2654,retail,True,1842.740378834715
2655,merchant,False,31916.94059464538
2656,retail,False,4794.845306420386
2657,retail,False,3935.7031869764332
2658,retail,False,180.48419418959256
2659,retail,False,6076.789608989236
2660,merchant,False,4976.179149995312
2661,retail,False,4367.590667785043
2662,retail,False,280.68300002447705
2663,retail,False,40.498183206238146
2664,retail,False,518.3024314836547
2665,merchant,False,8670.928365296462
2666,merchant,False,2403.2541700953243
2667,retail,False,337.3904479169753
2668,retail,False,8599.23014879675
2669,retail,False,190.06781113050442
2670,retail,False,4286.879262563538
2671,retail,False,8894.043270273112
2672,retail,False,2405.870539343713
2673,retail,False,562.6728880850436
2674,retail,False,2599.4852013671784
2675,retail,False,13950.470927375301
2676,retail,False,4562.103478296647
2677,merchant,False,2333.583309408012
2678,retail,False,210.4168967660281
2679,retail,False,10483.806720148334
2680,merchant,False,1534.146374721974
2681,merchant,False,14699.85941006715
2682,retail,False,18323.710317105775
2683,retail,True,2807.569775123613
2684,retail,False,11886.24687123379
2685,retail,False,9755.714303472658
2686,retail,False,10945.333914418037
2687,retail,False,9035.19527242022
2688,retail,False,782.9920609218917
2689,retail,False,4788.9056895265985
2690,merchant,False,108.98994034096631
2691,retail,True,47786.05327863283
2692,merchant,False,12321.528894471845
2693,p2p_broker,False,2627.5603575872587
2694,merchant,False,12456.897551332615
2695,retail,False,6084.760622494724
2696,merchant,False,39433.38336336794
2697,retail,False,41137.07543794841
2698,retail,False,939.7898061510122
2699,merchant,False,6641.989346677597
2700,retail,False,1746.548855339287
2701,retail,False,4029.2536642729833
2702,retail,True,1764.2664260552099
2703,merchant,False,9390.455415688584
2704,retail,False,15926.670999704555
2705,retail,False,7084.386533422056
2706,merchant,False,12482.77334689691
2707,retail,False,750.7814355286046
2708,retail,True,33375.09013846813
2709,retail,True,2189.241401263572
2710,p2p_broker,False,2014.2747050646076
2711,retail,False,419.2678695017794
2712,retail,False,1771.7318872341639
2713,retail,True,1217.6401540396075
2714,merchant,False,4830.597390278314
2715,retail,False,1231.3257611329534
2716,retail,False,1275.8522219278832
2717,escrow,False,7764.786845779587
2718,retail,False,2702.1887683646
2719,retail,False,5504.7720715499
2720,retail,False,3871.0073404989907
2721,merchant,False,16951.162038316503
2722,retail,False,2340.6761686812747
2723,retail,False,1902.0505966409446
2724,retail,False,7875.091238243535
2725,retail,False,5927.517826099611
2726,retail,False,170.55288169484152
2727,retail,False,3178.7141291072885
2728,retail,False,604.00057388512
2729,merchant,False,32971.28737259202
2730,retail,False,890.12534348514
2731,retail,False,3754.275354178353
2732,retail,False,1688.862824489355
2733,retail,False,6553.164969643153
2734,retail,True,6119.700904934099
2735,retail,False,109.46653810458488
2736,retail,False,3681.2121765589436
2737,retail,False,13632.713534541857
2738,retail,False,1948.217168730348
2739,retail,False,7593.261598291893
2740,retail,False,6.152850390563184
2741,merchant,False,32143.78286871772
2742,retail,False,6628.027169723565
2743,retail,False,8451.69232736283
2744,retail,True,16686.534447012706
2745,retail,False,11243.94971172397
2746,retail,False,39574.161983140024
2747,retail,False,199.62509694151123
2748,retail,False,2320.2301836862316
2749,retail,False,1877.5104672645814
2750,retail,False,804.3871500755301
2751,retail,False,83.82582015905464
2752,merchant,False,3173.125230643435
2753,retail,False,145.74547104275308
2754,merchant,False,14221.620433992055
2755,retail,False,1748.492719254792
2756,merchant,False,8123.941672603276
2757,retail,False,1870.2683686584794
2758,retail,True,2339.8123430222754
2759,retail,False,120.80425188930701
2760,retail,False,11160.613715086092
2761,merchant,False,12327.196278853891
2762,retail,False,13424.250621986139
2763,retail,False,1405.8159475411844
2764,retail,False,1330.0326029616601
2765,merchant,False,3160.4268041547075
2766,retail,False,1209.1521744104466
2767,retail,False,7649.37897706299
2768,merchant,False,24481.521296798048
2769,escrow,False,1513.2533528520416
2770,retail,False,589.8004385271042
2771,retail,False,8189.585836781442
2772,merchant,False,3389.5669971512048
2773,retail,False,33552.665744068945
2774,retail,False,8825.968341706628
2775,retail,True,3140.6123443976776
2776,retail,True,5279.288941919661
2777,retail,False,1050.2909528854145
2778,retail,False,10161.000240729789
2779,retail,False,2277.98231400669
2780,retail,False,6617.81728003191
2781,retail,False,647.7253955727892
2782,retail,False,1041.4235403878108
2783,retail,True,14676.90651864602
2784,retail,False,876.9247756366385
2785,retail,False,2171.947767845991
2786,retail,False,1789.4765493403593
2787,retail,False,3513.729146503322
2788,merchant,False,29401.221258494224
2789,retail,False,42.401709863912444
2790,merchant,False,2091.561064936622
2791,retail,True,1833.8891852492918
2792,retail,True,2112.9220897552646
2793,p2p_broker,False,9620.78758519997
2794,merchant,False,25650.88199821913
2795,retail,False,490.91211638679147
2796,retail,True,4987.860759597415
2797,retail,False,3856.1782422431625
2798,retail,False,3906.7899934354105
2799,retail,False,198.83879091362957
2800,escrow,False,840.0979824138803
2801,retail,False,511.6247692665613
2802,retail,False,1969.9914146657472
2803,retail,False,6891.607521687209
2804,retail,False,553.5793528323946
2805,retail,False,2106.6501925194007
2806,retail,False,9846.765525338897
2807,retail,False,68025.65066354179
2808,retail,False,7691.183975159072
2809,retail,False,6466.848570474632
2810,retail,False,467.76016396793864
2811,merchant,False,15427.957770242554
2812,retail,False,2191.5122389398607
2813,retail,False,4919.064121799023
2814,retail,False,3180.32612613659
2815,retail,False,1747.5907147667888
2816,retail,False,4475.0098141573
2817,retail,False,1583.0218244275582
2818,retail,False,5882.981806755111
2819,merchant,False,11193.879956854702
2820,retail,False,4674.74288789302
2821,retail,False,3063.8295620959857
2822,retail,False,2259.716209655783
2823,p2p_broker,False,3764.0754121560367
2824,p2p_broker,False,1194.2601933618716
2825,retail,False,3886.6074566827265
2826,retail,True,6144.690760202552
2827,retail,False,2357.8080460940346
2828,merchant,False,39012.649687275574
2829,retail,False,23846.76561434356
2830,retail,False,4181.585998021567
2831,retail,False,270.05010581414194
2832,retail,False,2153.879936287391
2833,merchant,False,10164.993351687017
2834,retail,False,1222.2753482553767
2835,retail,False,1319.9746362137219
2836,retail,False,725.2817820102573
2837,retail,False,4866.520663075265
2838,retail,True,8856.81890721943
2839,retail,False,5172.250053910208
2840,retail,False,6370.956159260813
2841,retail,False,78.71541922956385
2842,retail,True,3793.1197942045987
2843,retail,False,20201.31906907024
2844,retail,True,1525.1643143690806
2845,retail,False,7413.85467983944
2846,retail,False,1540.3799012171103
2847,retail,False,2183.166875175869
2848,retail,True,708.2376682560322
2849,retail,False,307.0363188688096
2850,retail,False,1906.6008937727684
2851,retail,False,500.72581563259735
2852,merchant,False,40443.19701671079
2853,retail,False,4610.027360898083
2854,retail,False,932.9035787552217
2855,merchant,False,26565.70103667562
2856,retail,False,4972.4659397984215
2857,retail,True,725.0634980390765
2858,retail,False,4801.5052578030545
2859,retail,False,3655.7775990451237
2860,retail,True,11473.67060929661
2861,retail,False,1837.5965117035184
2862,retail,False,25841.19391166529
2863,retail,False,2035.9765083140385
2864,retail,False,1537.9665489555805
2865,retail,False,3382.108574651273
2866,retail,False,266.2314694189264
2867,retail,True,3489.8043552524073
2868,merchant,False,3640.4743264040853
2869,retail,False,2323.3809326940127
2870,retail,False,9636.434590059083
2871,retail,False,9483.148579598175
2872,retail,True,3214.650193975797
2873,retail,False,880.3483649576084
2874,retail,False,3099.122871928719
2875,retail,False,3243.8428168059886
2876,retail,False,5339.849367799979
2877,retail,False,561.7854712911031
2878,retail,False,10177.863382297226
2879,retail,False,8810.399280502239
2880,retail,False,2091.330056189439
2881,retail,False,7198.864901446219
2882,retail,False,2178.4110811943697
2883,retail,False,3466.1068861127633
2884,retail,True,5061.023295763996
2885,retail,False,1007.3993467756636
2886,retail,True,31193.74212488967
2887,merchant,False,4135.898028461324
2888,retail,True,249.36974695822036
2889,retail,False,8710.161313763589
2890,retail,False,10191.519030730904
2891,p2p_broker,False,8694.05468121276
2892,retail,False,3470.562486548897
2893,retail,False,1069.3369919970226
2894,p2p_broker,False,2163.993881830216
2895,retail,False,2874.8402789979887
2896,p2p_broker,False,4355.152323467679
2897,retail,False,62.05393549645935
2898,retail,False,4651.943637711516
2899,retail,False,3317.0151904761196
2900,retail,False,816.9776662404221
2901,merchant,False,17800.1153500918
2902,retail,False,148.64340126130628
2903,escrow,False,11348.11494401602
2904,retail,False,12859.94210516884
2905,retail,False,3893.1499233698446
2906,p2p_broker,False,4318.257263875313
2907,retail,False,13069.348732193925
2908,merchant,False,35890.00460051909
2909,retail,False,588.2308930959892
2910,retail,False,10416.247944967816
2911,retail,False,1804.1567348750136
2912,retail,False,2134.931956145439
2913,retail,False,946.3819907236286
2914,retail,True,5647.056008867274
2915,retail,False,4803.449545302162
2916,retail,False,6590.97631732926
2917,merchant,False,27007.912001644156
2918,retail,True,9002.920573645059
2919,retail,False,7873.020116750031
2920,escrow,False,4808.772620259875
2921,retail,False,17202.45681861977
2922,retail,False,3748.6350527511254
2923,retail,False,7985.60566513173
2924,retail,False,2719.5597567956183
2925,retail,False,6629.682505355671
2926,retail,False,1010.0319105537985
2927,retail,True,7124.737445650954
2928,retail,True,4420.333486150914
2929,retail,False,5456.116153144965
2930,retail,False,4444.490487737926
2931,retail,True,4947.770965499029
2932,retail,False,6768.194649246158
2933,merchant,False,28771.13507105886
2934,retail,False,2852.3223918150925
2935,retail,False,762.8053121766104
2936,retail,False,102.93448297326013
2937,retail,False,6104.5363356891685
2938,retail,False,346.8289621981992
2939,retail,False,887.1969824094147
2940,p2p_broker,False,2453.8792266659575
2941,retail,False,2116.5981771302913
2942,merchant,False,10542.305368963729
2943,retail,False,9871.942969228156
2944,retail,False,2350.0096585432025
2945,retail,False,1719.495684571164
2946,retail,True,2286.780320128632
2947,retail,False,991.8267127654483
2948,p2p_broker,False,5183.568539827778
2949,merchant,False,1126.1607039743212
2950,retail,False,6161.479028758787
2951,retail,False,7662.597002876347
2952,retail,False,12227.36884059053
2953,merchant,False,12040.17709206508
2954,retail,True,2165.915661661606
2955,retail,False,1858.7077630155293
2956,retail,True,3115.676116956781
2957,retail,False,24.063955932835675
2958,retail,True,10237.757238656508
2959,merchant,False,8646.377383712408
2960,retail,False,1692.3833868856696
2961,p2p_broker,False,1318.3114076312322
2962,retail,False,473.0619813700839
2963,retail,False,542.9437901830157
2964,retail,False,3455.893226517094
2965,retail,True,2138.2355783375674
2966,retail,False,1617.1021821810662
2967,retail,True,259.65125464564176
2968,retail,True,2569.058236973895
2969,retail,False,11669.478157841788
2970,retail,False,597.0083977145476
2971,retail,False,136.48814943492994
2972,retail,False,561.1324860920301
2973,merchant,False,592.0036697122914
2974,retail,False,2184.131738822437
2975,merchant,False,11347.552969490102
2976,retail,True,5106.268130191904
2977,retail,False,877.6783768173134
2978,retail,False,1936.0388410729997
2979,merchant,False,7392.696737247341
2980,retail,False,5102.627725711265
2981,retail,False,976.7462495352869
2982,retail,False,42.98232673696011
2983,retail,True,3138.701929621534
2984,retail,False,8532.664330071479
2985,retail,True,7915.212737299927
2986,retail,True,5539.466345636226
2987,retail,False,14770.596095758017
2988,retail,False,1414.4004561218512
2989,retail,True,958.1476671301554
2990,retail,False,8591.253875084163
2991,merchant,False,15533.402503096471
2992,retail,False,5879.916111861801
2993,retail,False,5546.016850023021
2994,retail,False,359.19621895645923
2995,retail,False,1341.4551259660375
2996,retail,False,3538.7095082835035
2997,retail,False,350.1080783284868
2998,p2p_broker,False,3426.183592273424
2999,retail,False,2747.5678227956873
3000,merchant,False,3240.5051445723
3001,retail,True,11246.696467947033
3002,retail,True,10397.919125556795
3003,retail,False,13755.651393557731
3004,retail,False,3783.9403948418167
3005,retail,False,2121.957781194732
3006,retail,False,5219.686019736746
3007,retail,False,3106.820062401838
3008,retail,False,4281.545756370332
3009,retail,False,11824.967933944627
3010,retail,False,4834.0772204026125
3011,merchant,False,11144.402278425401
3012,retail,False,2611.3423364042715
3013,retail,True,1644.143447436162
3014,retail,False,3630.3522639987254
3015,retail,False,10386.66310637366
3016,merchant,False,6358.844372576961
3017,retail,False,1172.0395514582892
3018,retail,False,1933.776893174271
3019,retail,False,1866.6813547560364
3020,retail,False,6126.761484863629
3021,retail,False,8896.520941211595
3022,retail,False,212.68662483880001
3023,retail,False,2509.169726771684
3024,retail,True,2382.74801347681
3025,retail,False,9662.67755224711
3026,retail,False,17080.11741490323
3027,merchant,False,955.8344766632396
3028,retail,False,3395.8994606861065
3029,retail,True,1410.9070034467218
3030,retail,True,5833.042859552526
3031,retail,False,3929.48141380958
3032,retail,False,5874.495945581489
3033,retail,False,2857.4893656481836
3034,p2p_broker,False,6349.9977515781175
3035,retail,False,6728.98249528547
3036,retail,False,8152.739041114874
3037,retail,False,5936.657693833484
3038,retail,False,1069.7203507014237
3039,retail,False,16594.053625427245
3040,retail,True,5127.407509140884
3041,merchant,False,2292.6352947982928
3042,retail,False,801.7904732807613
3043,retail,False,6104.380566660229
3044,retail,False,4827.406905384362
3045,p2p_broker,False,8736.84475039319
3046,retail,False,2236.864734215694
3047,retail,False,125.93706052759168
3048,merchant,False,4076.7650373336305
3049,retail,False,3988.776284722718
3050,merchant,False,5464.490421073775
3051,retail,False,10698.772099333593
3052,retail,False,12281.91415816976
3053,retail,False,1956.3754870183411
3054,retail,False,3613.730408368061
3055,retail,False,32346.667041816214
3056,retail,False,137.93693122023683
3057,retail,False,1147.8781551865945
3058,retail,False,1606.9557103971863
3059,retail,False,4003.138230753446
3060,retail,False,2024.4275907912688
3061,retail,False,37.34027837773331
3062,retail,False,6297.698016844832
3063,merchant,False,10430.710673053689
3064,retail,True,31861.693696062357
3065,retail,False,1370.1421298855114
3066,retail,False,5746.597142019098
3067,retail,False,573.9580971623272
3068,retail,False,15533.571151657083
3069,retail,False,2556.6584909283374
3070,retail,True,6616.071176614264
3071,p2p_broker,False,605.968263915835
3072,merchant,False,13283.206684578992
3073,retail,False,10964.283381085
3074,merchant,False,15855.219520978677
3075,merchant,False,36515.74453812328
3076,retail,False,3667.7694324671343
3077,retail,False,1340.9967915610578
3078,retail,False,6173.76242080545
3079,retail,False,26.98178592689689
3080,retail,False,3512.8816139952014
3081,retail,False,450.0638570491964
3082,retail,False,157.37837038690364
3083,retail,False,10325.078706272821
3084,retail,False,1869.8049235694825
3085,retail,False,368.55217915177326
3086,retail,False,51.37396059163164
3087,retail,False,2014.3452751087877
3088,retail,False,3168.3788512211668
3089,merchant,False,18748.387241017183
3090,merchant,False,19909.113466469582
3091,merchant,False,2969.079174368235
3092,merchant,False,8088.732068769659
3093,p2p_broker,False,26738.75759959427
3094,retail,False,4463.829015786224
3095,retail,False,5750.388666505428
3096,retail,False,20789.1499387253
3097,retail,False,5473.4829847126575
3098,retail,False,4399.138046262597
3099,retail,False,227.15141040292042
3100,p2p_broker,False,1772.6859380545252
3101,retail,False,3453.2874968368724
3102,p2p_broker,False,442.9807629486204
3103,retail,False,1850.8121137368867
3104,retail,False,11040.386500418996
3105,retail,False,1941.7114806613406
3106,retail,False,386.37070929734665
3107,retail,False,3306.041643567277
3108,retail,True,3244.742293999956
3109,merchant,False,5152.581888639788
3110,retail,False,10048.004739394
3111,retail,False,1421.6245724560492
3112,retail,False,399.2156588817029
3113,retail,False,5115.095607383571
3114,retail,False,9264.58597238044
3115,retail,False,672.1609768740822
3116,retail,False,2306.261174453368
3117,retail,True,15957.299857210712
3118,retail,False,32328.608679526715
3119,retail,False,5309.744140995976
3120,retail,False,2370.317498921624
3121,retail,False,4683.231987618413
3122,retail,False,5220.799383105954
3123,retail,False,822.5151723410244
3124,retail,False,156.4436008725574
3125,retail,False,8103.601342959417
3126,retail,False,2145.7399600398944
3127,retail,False,3211.6057914777984
3128,retail,False,19141.7216952671
3129,merchant,False,4807.928656690545
3130,retail,False,721.1323548137709
3131,merchant,False,2250.4686788610716
3132,retail,False,11384.339178391972
3133,retail,False,1415.5956944003167
3134,retail,True,9107.651439278565
3135,retail,True,165.97478979903832
3136,merchant,False,10566.219650243123
3137,retail,False,12299.479307921989
3138,retail,False,909.0388917391682
3139,retail,False,6.354879890506993
3140,retail,False,474.79243451229894
3141,retail,True,3513.0221655077444
3142,escrow,False,5958.198588499588
3143,retail,False,1905.0388895648034
3144,merchant,False,4552.437056654095
3145,retail,True,676.9510575536882
3146,retail,False,7202.747597670387
3147,retail,False,240.03063180294004
3148,merchant,False,7309.062939619828
3149,retail,False,17451.3871698043
3150,retail,False,668.0116159638097
3151,retail,False,6633.653350285552
3152,retail,False,1110.548393377903
3153,retail,False,9172.04610932488
3154,retail,False,10122.21500387389
3155,retail,False,42750.66023931968
3156,retail,False,2052.9287846966545
3157,retail,True,3865.9848483971223
3158,merchant,False,13419.98356956473
3159,retail,False,1426.4371317592233
3160,p2p_broker,False,980.1254775652119
3161,p2p_broker,False,12800.135091684766
3162,retail,False,8853.534677462212
3163,retail,True,4166.081101717619
3164,retail,False,5001.495273071621
3165,retail,False,6294.424366565596
3166,retail,False,2424.848019886848
3167,retail,False,10999.257368361916
3168,retail,False,2888.6040441479863
3169,retail,False,1353.9567692576793
3170,p2p_broker,False,17357.362207599577
3171,retail,False,4290.527862937686
3172,retail,False,1933.551475933803
3173,p2p_broker,False,7811.026055390564
3174,retail,True,9573.938148794321
3175,retail,False,3952.491366556263
3176,merchant,False,7553.9164325769025
3177,retail,True,26711.601365033617
3178,retail,False,3972.1257002381976
3179,retail,False,455.37306806342554
3180,merchant,False,14228.072562041067
3181,retail,False,5322.988708550117
3182,retail,False,627.0544700312441
3183,retail,False,7566.98717697356
3184,retail,False,1633.6726469575851
3185,retail,False,3924.528253751379
3186,retail,False,3093.8996380443045
3187,merchant,False,39295.47112082905
3188,retail,False,2533.9313609156193
3189,retail,False,4559.192792302741
3190,retail,False,18563.055558337714
3191,retail,False,2328.9435203641106
3192,retail,False,3585.41785247968
3193,retail,False,7564.489187683118
3194,retail,False,6608.000945868961
3195,retail,True,2663.1854023168457
3196,retail,False,7446.701294704633
3197,retail,False,919.8591330826423
3198,retail,False,5098.787839446969
3199,merchant,False,2511.7387206367926
3200,retail,False,6195.9096845890035
3201,merchant,False,8500.5829775165
3202,merchant,False,5624.03837745231
3203,retail,False,72527.11244843529
3204,merchant,False,8867.524016880556
3205,retail,False,96.44612382542446
3206,retail,False,1467.0009055032663
3207,retail,False,2059.5127364976247
3208,retail,False,1828.0388735144734
3209,retail,False,501.62153804593083
3210,retail,False,2394.261051514321
3211,retail,False,792.1498725937266
3212,retail,False,4359.052200871528
3213,retail,False,3500.485971977929
3214,retail,True,4740.369252554334
3215,retail,False,4396.53600047019
3216,retail,False,2684.592564459554
3217,retail,False,1563.594831943397
3218,retail,False,1357.4443632167727
3219,retail,False,9896.2053663282
3220,retail,False,5764.4318353987865
3221,merchant,False,3118.317318452877
3222,retail,False,32655.905687192408
3223,retail,False,7049.073717461825
3224,retail,False,194.0455968683409
3225,merchant,False,17302.021931865456
3226,retail,False,477.50250415543996
3227,retail,False,319.306903605463
3228,retail,False,2706.251410128987
3229,retail,True,2936.0851879315946
3230,retail,False,42103.588942250404
3231,retail,True,4049.598243003265
3232,retail,False,2332.5450527814783
3233,retail,True,4947.1421025019
3234,retail,False,18656.137531672066
3235,retail,False,3610.355197501289
3236,p2p_broker,False,8073.338740193888
3237,retail,False,5030.436992492745
3238,retail,False,11041.159793445895
3239,retail,False,49487.838504256666
3240,merchant,False,4834.255276230816
3241,retail,False,4166.161189311293
3242,merchant,False,13652.371892664729
3243,retail,False,811.2366774056876
3244,retail,True,16475.091819264417
3245,retail,True,6852.810281922311
3246,retail,False,1494.6325834597337
3247,merchant,False,29960.855868263494
3248,merchant,False,37646.84115426856
3249,retail,False,7691.461308022525
3250,p2p_broker,False,6855.5710656090805
3251,retail,False,2022.4163439537142
3252,retail,True,577.8586332411134
3253,retail,False,1640.0312908774574
3254,retail,False,4215.350248717722
3255,merchant,False,52070.75726619386
3256,retail,False,3132.0406875217777
3257,retail,False,5680.602447593397
3258,retail,False,2506.400552960865
3259,retail,False,12287.924149914552
3260,retail,False,7890.776595603041
3261,retail,False,1170.242506831733
3262,retail,False,11149.361458646314
3263,retail,False,8703.50799798446
3264,retail,False,3367.830789808509
3265,retail,False,3930.136767119495
3266,retail,False,70.85886051849812
3267,retail,False,8339.399234993687
3268,p2p_broker,False,25177.48596644702
3269,retail,False,2603.0652837732623
3270,p2p_broker,False,6300.671196360875
3271,retail,False,1911.3737805766718
3272,retail,False,3116.412089038221
3273,retail,False,787.0678257713671
3274,retail,False,1931.6553974898734
3275,merchant,False,11471.558721566795
3276,retail,False,2055.581190694969
3277,retail,False,1479.8941515371696
3278,retail,False,1796.3932672542835
3279,retail,True,6726.191442737737
3280,retail,False,693.7444252484988
3281,retail,False,16.739819160537067
3282,retail,True,4061.4823817441074
3283,retail,False,14674.665068088914
3284,retail,False,6035.242152286764
3285,retail,False,4361.089852829777
3286,retail,False,6376.341251822874
3287,retail,False,12.559084246463726
3288,retail,False,3003.184400348041
3289,retail,False,3240.123061589833
3290,retail,False,6514.827225322234
3291,retail,False,2542.614694237599
3292,retail,False,3757.121451644153
3293,retail,False,449.4423980645442
3294,retail,False,5694.870549434073
3295,p2p_broker,False,1239.4621018240819
3296,retail,False,77.26202907802951
3297,retail,False,1370.4354588405663
3298,retail,False,9140.200648473865
3299,retail,False,11326.990727487368
3300,merchant,False,3550.57027030278
3301,retail,False,2167.8951507893426
3302,retail,False,963.3841681213357
3303,escrow,False,469.38878831789043
3304,retail,False,1063.9498856525813
3305,retail,False,6484.1603631764265
3306,retail,False,2188.1920767418624
3307,retail,False,2040.9207223535468
3308,retail,False,1321.9877639177682
3309,retail,False,2119.312591183413
3310,merchant,False,3947.3675388114393
3311,merchant,False,3579.095262711614
3312,retail,False,3920.224252230066
3313,retail,False,3284.404043533465
3314,retail,True,6631.057208584917
3315,retail,False,884.886978012748
3316,retail,False,1121.5522660977576
3317,retail,False,1312.160868936307
3318,retail,False,1380.2877578067353
3319,retail,False,15060.048682370227
3320,retail,False,707.5496955038263
3321,retail,False,7265.711542801122
3322,retail,False,80220.1243341003
3323,merchant,False,11364.305089102709
3324,retail,False,3375.865821482678
3325,merchant,False,18008.58543436273
3326,retail,False,12633.61800941239
3327,merchant,False,36501.59454340978
3328,retail,True,1901.7138437725853
3329,retail,True,3746.3811711697836
3330,merchant,False,9390.118244618603
3331,retail,False,3662.618974578906
3332,retail,False,1635.7804650233693
3333,retail,False,2315.3290815665114
3334,retail,False,2016.9198343198484
3335,retail,False,1813.1868633239978
3336,retail,True,2272.7435875453943
3337,merchant,False,638.5232196368038
3338,retail,False,7307.193988306228
3339,retail,False,2716.113751037634
3340,retail,False,93.45796865304101
3341,merchant,False,18617.420293864252
3342,retail,False,1707.970399481992
3343,retail,False,2000.5192805911856
3344,retail,False,760.6088131586492
3345,retail,False,9654.808501830737
3346,retail,False,313.8558966151628
3347,retail,False,297.29675859680816
3348,retail,False,1806.4062009276122
3349,retail,False,18741.64181522025
3350,retail,False,3728.4777736875953
3351,retail,False,3495.81499055234
3352,retail,False,1544.5600244506861
3353,retail,False,965.1576250503514
3354,retail,True,4040.3284449150788
3355,retail,False,1167.465249120627
3356,retail,False,7689.52035348923
3357,retail,False,598.504187952107
3358,retail,False,428.7156009639649
3359,retail,False,1217.7724151867465
3360,retail,False,1594.5773957251643
3361,retail,False,37739.44403287629
3362,retail,False,3480.4235053872235
3363,retail,False,4295.38859056969
3364,retail,False,37.01111887995947
3365,retail,False,5595.34167290798
3366,retail,False,6973.420833971684
3367,retail,True,12626.186241860276
3368,retail,False,9567.28081386991
3369,retail,False,2049.3341139353756
3370,merchant,False,17115.399964843415
3371,retail,False,1124.1353518350782
3372,merchant,False,3556.5451620817785
3373,retail,True,13834.262073804399
3374,retail,False,1531.3056642043136
3375,retail,False,3001.422916767793
3376,retail,False,7691.806757477016
3377,merchant,False,6600.890419325025
3378,retail,False,3207.0636544787285
3379,p2p_broker,False,3035.43598823486
3380,retail,False,8393.755538730691
3381,merchant,False,2433.9759211758587
3382,merchant,False,21009.25991870451
3383,retail,True,10506.698046713373
3384,retail,True,4139.436636146345
3385,retail,False,2720.883955462885
3386,retail,False,3943.7102840865555
3387,merchant,False,3743.8636048914295
3388,retail,False,1839.251918298922
3389,retail,False,4263.680850792387
3390,retail,True,8136.43899657174
3391,retail,True,924.1148333430679
3392,p2p_broker,False,4192.284315430195
3393,retail,False,959.1167930139607
3394,retail,False,12356.410027704107
3395,merchant,False,38652.59320712696
3396,retail,False,4849.064176021607
3397,retail,True,9050.303064672125
3398,retail,False,373.1887663824697
3399,retail,True,1566.0001265818184
3400,retail,True,6164.500070837698
3401,merchant,False,23237.54682018672
3402,retail,False,1156.1093609556817
3403,merchant,False,26817.448011785655
3404,merchant,False,7782.529054119743
3405,merchant,False,3582.9167271758474
3406,retail,False,192.7398459292457
3407,retail,False,3236.1451049185644
3408,retail,False,797.437712752419
3409,retail,False,3497.685150163006
3410,retail,True,959.2098595038763
3411,retail,False,11969.560258565338
3412,retail,False,77.83888315711143
3413,retail,True,4799.311698132374
3414,retail,False,4178.731169065129
3415,retail,False,6770.54950064405
3416,retail,False,1326.736812145809
3417,retail,False,416.9225341805145
3418,retail,False,2648.700536195278
3419,merchant,False,47581.6640967346
3420,merchant,False,3689.492814522801
3421,retail,False,3479.133580095693
3422,retail,False,390.96853745967695
3423,retail,False,4284.111523064103
3424,retail,False,1193.9471665083552
3425,retail,False,7094.513297269308
3426,retail,False,860.2767550992068
3427,merchant,False,3165.06223722332
3428,merchant,False,33912.27828453317
3429,merchant,False,23155.359988607262
3430,retail,False,456.8016028240232
3431,retail,False,620.7804503105823
3432,p2p_broker,False,3747.8827282648635
3433,retail,False,3960.2822220515636
3434,retail,False,980.5690127365378
3435,retail,False,1642.6808335537062
3436,retail,False,6601.431096663203
3437,retail,False,16594.716316824793
3438,retail,False,2135.772769422022
3439,retail,False,25965.69954086427
3440,retail,False,3217.923481889855
3441,retail,False,3962.0524627209434
3442,retail,False,38693.37718249767
3443,retail,False,888.168053587224
3444,merchant,False,15744.446712808493
3445,retail,False,10075.88989197183
3446,retail,False,1486.34779205549
3447,retail,False,1807.687055422798
3448,retail,False,8942.786917594061
3449,merchant,False,21626.972406607983
3450,retail,False,7160.4009284393715
3451,retail,True,37357.84961098932
3452,retail,False,3391.295609851831
3453,retail,False,136.33026140184222
3454,escrow,False,16416.975645431576
3455,retail,False,2231.8559873189947
3456,merchant,False,791.3556293233474
3457,merchant,False,832.880442488236
3458,retail,False,1288.2024358522997
3459,retail,False,1815.977583378482
3460,retail,False,17575.83747567762
3461,retail,False,201.6572035699607
3462,retail,False,5075.7632938420375
3463,retail,False,1211.101779513382
3464,retail,False,1598.6853246720727
3465,retail,False,4178.124507969158
3466,retail,False,824.7061781320008
3467,retail,True,2457.0128470795125
3468,retail,False,566.3136936508008
3469,p2p_broker,False,2275.0833154611814
3470,retail,True,7368.090217187514
3471,retail,False,2597.7963986351742
3472,retail,False,2936.393556882288
3473,retail,False,615.8987145159698
3474,retail,False,6362.091696663153
3475,retail,False,548.2009057948718
3476,merchant,False,15865.381492632348
3477,merchant,False,24657.802256645497
3478,merchant,False,33137.932209778155
3479,retail,False,4802.649514962699
3480,retail,False,1905.2559517518812
3481,retail,False,4334.242258413419
3482,merchant,False,4241.004436593154
3483,retail,False,1708.9699354801792
3484,retail,False,1170.6830580753124
3485,retail,False,11860.03453838976
3486,retail,True,11740.390509304369
3487,retail,True,1995.0856205597297
3488,retail,False,6139.458178211224
3489,retail,False,1277.4952183331618
3490,retail,True,8800.612723228594
3491,retail,False,16715.421824322773
3492,merchant,False,15892.861329731599
3493,retail,True,619.1436884081174
3494,retail,False,3248.600551730779
3495,merchant,False,3152.275619910841
3496,retail,False,144.07142003016884
3497,retail,False,1267.566697240242
3498,retail,False,6577.518896544589
3499,merchant,False,30362.079201725082
3500,retail,False,583.470530261387
3501,retail,False,627.5429117962072
3502,retail,False,11798.344761062188
3503,retail,False,2761.6717506795203
3504,retail,True,4437.948111701238
3505,retail,False,7515.41877728328
3506,retail,False,3468.9158146500245
3507,merchant,False,14369.58391759727
3508,retail,False,2974.866622100372
3509,retail,False,1293.1405278229277
3510,p2p_broker,False,6341.592045154897
3511,retail,True,1453.9448274915612
3512,p2p_broker,False,1510.9142203574888
3513,p2p_broker,False,10057.250510319676
3514,merchant,False,2422.581704369445
3515,retail,False,4567.710422320297
3516,retail,False,3076.7729890275095
3517,retail,True,3610.5829874568803
3518,retail,False,1850.023049315386
3519,retail,False,3945.9260434373914
3520,retail,False,2468.7066565308837
3521,merchant,False,8686.09817258676
3522,retail,False,11134.884221313421
3523,retail,False,2639.7628046855666
3524,retail,False,47.60585401490198
3525,retail,False,779.8171097828441
3526,retail,False,561.2941280111272
3527,retail,False,20745.441065114093
3528,merchant,False,1510.8100446993897
3529,retail,False,6629.97301002361
3530,retail,False,5524.071231920119
3531,retail,False,24336.12954724765
3532,retail,False,2688.261542653221
3533,retail,False,12748.77377318854
3534,retail,False,1605.3824387292943
3535,retail,False,727.7927727992484
3536,retail,False,24107.353114172685
3537,retail,False,4907.747021584226
3538,retail,False,8450.92885829464
3539,retail,False,59.726458911929036
3540,merchant,False,12412.404066790083
3541,retail,False,144.1161599398826
3542,merchant,False,11303.140519000726
3543,retail,False,3266.3652149293403
3544,retail,False,3573.004056169508
3545,retail,False,253.20423821665634
3546,retail,False,931.8055206232144
3547,escrow,False,3368.78816695071
3548,retail,False,4087.831196887182
3549,merchant,False,23914.368971841508
3550,merchant,False,1230.7769007372303
3551,retail,True,8333.672751318849
3552,retail,False,1955.3790767324144
3553,retail,False,486.5262564867946
3554,retail,False,3338.5940983353635
3555,retail,False,2224.3905677404287
3556,retail,False,878.9600155085421
3557,merchant,False,15108.387799497415
3558,retail,False,8122.783901124523
3559,retail,False,8121.727390128462
3560,retail,False,5288.461474097655
3561,retail,False,137.35452811381555
3562,merchant,False,14698.347865797088
3563,retail,False,8421.280974370431
3564,p2p_broker,False,24047.798802552184
3565,merchant,False,6047.428676799582
3566,merchant,False,28893.654418834776
3567,retail,False,847.840381856518
3568,merchant,False,8185.985465538371
3569,retail,False,4553.838536349099
3570,retail,False,45417.14538922693
3571,retail,True,4872.2175681560975
3572,retail,True,32861.78919374192
3573,retail,False,6732.3109426373285
3574,retail,True,1763.9210610677014
3575,retail,False,371.2433005516042
3576,merchant,False,19177.405814314585
3577,retail,False,8632.949702272412
3578,retail,False,11082.8819458918
3579,retail,False,153.9295312381348
3580,retail,False,102.6018484896189
3581,retail,False,3948.7523907110613
3582,retail,False,1746.5181162387491
3583,retail,False,3681.6115460861056
3584,merchant,False,20731.623384867806
3585,merchant,False,14507.757316065616
3586,retail,False,820.7663708310505
3587,retail,False,3911.7037441016546
3588,retail,True,10737.737202333721
3589,retail,False,1884.8217764022718
3590,merchant,False,17014.08436884608
3591,retail,False,664.4397579190279
3592,merchant,False,1317.6784368878675
3593,retail,False,6637.811803473164
3594,retail,False,9233.338429581372
3595,escrow,False,2041.2421279491778
3596,merchant,False,44632.44207403727
3597,merchant,False,7363.157887663965
3598,p2p_broker,False,5247.00479489892
3599,retail,False,6730.881648488481
3600,retail,False,2154.9540109350005
3601,retail,False,3627.7300805541963
3602,retail,False,16099.797066930512
3603,retail,False,716.6466196358994
3604,merchant,False,30839.312653614146
3605,retail,False,1365.4136105361217
3606,retail,False,4620.301015528813
3607,retail,False,1250.1519272865048
3608,retail,False,17932.432173114827
3609,retail,False,15345.85948229114
3610,retail,False,438.2632226548852
3611,retail,False,523.4163396261907
3612,retail,False,100531.78290663466
3613,merchant,False,31144.23223603777
3614,retail,False,2457.7937889876257
3615,retail,False,3820.614304348067
3616,retail,False,2557.8576864888396
3617,retail,False,10206.25041478291
3618,retail,False,162.47583817538
3619,p2p_broker,False,586.3394592082573
3620,retail,False,13430.72288807753
3621,retail,False,3563.470777935315
3622,retail,False,293.4127602858073
3623,merchant,False,12761.581722123
3624,retail,False,1893.9418400183786
3625,retail,False,6233.592009439228
3626,merchant,False,869.5300009861896
3627,retail,False,5185.1975075445425
3628,retail,False,10441.681837899347
3629,retail,False,2581.2305651785764
3630,retail,False,47.274718906240025
3631,p2p_broker,False,1440.4512018394248
3632,retail,False,5263.062384735234
3633,retail,False,3039.1375319495237
3634,retail,False,421.62627876729215
3635,retail,False,9522.448502723428
3636,merchant,False,7651.945062231579
3637,retail,False,9743.416203508803
3638,merchant,False,26828.147476776754
3639,retail,False,1540.8049272325432
3640,retail,True,18359.695025976383
3641,retail,False,336.8359748501315
3642,merchant,False,5792.983105022006
3643,retail,False,11209.683942609638
3644,retail,False,482.6671770165661
3645,retail,False,407.0078915946735
3646,retail,False,2141.814392248906
3647,retail,False,13.529764162467226
3648,retail,False,343.98031464871536
3649,merchant,False,9943.67637533849
3650,retail,False,4086.821867309072
3651,retail,True,1801.4339144416394
3652,retail,False,4529.725120755977
3653,retail,False,2278.288365203547
3654,retail,False,2262.9106183209806
3655,retail,False,1870.3529590820883
3656,retail,False,4094.8077434784022
3657,retail,False,8831.095891397397
3658,merchant,False,8305.19349656778
3659,retail,False,10712.324376598346
3660,retail,False,3944.3803193235863
3661,merchant,False,12465.605881337458
3662,merchant,False,14367.795774483331
3663,retail,False,526.1410777968548
3664,retail,False,3494.8555554800555
3665,retail,False,2153.407630403044
3666,retail,False,15656.281592235397
3667,retail,False,9571.940868073896
3668,retail,False,2077.8709887745076
3669,retail,False,1893.8643157635554
3670,retail,False,1394.1153811695453
3671,retail,False,1383.4256204476915
3672,retail,False,1410.741738563242
3673,retail,False,1803.0847956751313
3674,retail,False,40245.3459143358
3675,merchant,False,20878.56957440973
3676,retail,False,1806.5491844690266
3677,retail,False,14847.56122299395
3678,retail,False,2186.497510906875
3679,retail,False,5873.0493152871095
3680,retail,False,637.6510950160412
3681,retail,False,11649.904686574826
3682,retail,False,272.8632918928148
3683,retail,False,2373.1435889991367
3684,retail,True,1891.3749262449019
3685,retail,False,1117.0682157645806
3686,retail,False,6039.371193462051
3687,p2p_broker,False,3329.2513437676707
3688,retail,False,1340.1112991341215
3689,retail,False,3259.8463360069254
3690,retail,False,1711.2108679510952
3691,retail,False,3795.596477490557
3692,retail,False,525.430610129354
3693,retail,False,2924.293995410805
3694,retail,True,10252.626017632621
3695,retail,False,4359.886837498677
3696,retail,False,704.617689669992
3697,retail,False,6367.820823809716
3698,retail,False,18126.428863573412
3699,retail,False,9502.356632326017
3700,merchant,False,2656.0123502630813
3701,retail,False,2567.03087016786
3702,retail,False,1123.3259212813152
3703,retail,False,9002.628374376416
3704,retail,True,16307.931057864025
3705,retail,False,4286.332225203431
3706,retail,False,304.56110506391457
3707,retail,False,1068.226614912028
3708,retail,False,675.8273365711239
3709,retail,False,52492.43072031957
3710,merchant,False,3799.4616246296
3711,retail,False,26.911851621265598
3712,escrow,False,6649.2454739797395
3713,retail,False,1514.8460269266157
3714,merchant,False,9375.306446675353
3715,merchant,False,1086.594489509346
3716,retail,False,602.9656242469711
3717,merchant,False,11593.305339994908
3718,merchant,False,7489.940924076951
3719,retail,True,16666.190970887073
3720,retail,False,361.7679820273073
3721,retail,False,2720.893261482214
3722,merchant,False,7647.13755367835
3723,retail,False,4085.638084347542
3724,merchant,False,1847.0411709388918
3725,retail,False,7082.312841400112
3726,p2p_broker,False,4319.353352298426
3727,retail,False,5634.683528404066
3728,retail,False,6414.529370312724
3729,retail,False,2616.046043584637
3730,merchant,False,5615.998601198286
3731,merchant,False,774.011071385841
3732,retail,False,975.6157723556271
3733,retail,False,408.80115761050286
3734,retail,False,7712.437100864819
3735,p2p_broker,False,14933.866988951471
3736,retail,False,4524.860091859411
3737,retail,False,3715.5030153378093
3738,retail,True,6372.564318563816
3739,retail,False,3160.421021447121
3740,retail,False,4513.042648415361
3741,retail,False,4826.0724439954865
3742,merchant,False,3164.2733962759116
3743,retail,False,2609.067241977987
3744,retail,False,1673.851680610014
3745,retail,False,259.23972187013624
3746,retail,False,23724.86812727782
3747,merchant,False,6578.307411783063
3748,retail,False,5054.046639907376
3749,retail,False,3325.0164943492828
3750,retail,False,3604.927532957736
3751,retail,False,11971.625420910788
3752,retail,False,5586.234230837746
3753,retail,False,2328.620932587902
3754,retail,False,1975.0858676357939
3755,retail,False,4471.2182778663855
3756,retail,True,7683.206028718873
3757,retail,False,1677.326429640824
3758,merchant,False,1036.1877107484802
3759,retail,False,35413.31459322993
3760,p2p_broker,False,754.7844694565065
3761,retail,False,8882.977045528014
3762,retail,False,21784.764993356897
3763,retail,False,2655.871482143647
3764,retail,False,3449.417443970803
3765,retail,False,685.4801010410114
3766,retail,True,2179.817204993821
3767,retail,False,1758.5994738103939
3768,retail,False,5504.8336843108855
3769,retail,False,43421.70709114236
3770,merchant,False,3109.7060059233645
3771,p2p_broker,False,3834.876834806768
3772,retail,False,5073.037378616376
3773,merchant,False,52913.911347035886
3774,retail,False,2950.9786972011416
3775,retail,False,13246.178521279871
3776,retail,False,526.4685583024077
3777,retail,False,12550.014760604576
3778,retail,False,1097.6909876305635
3779,p2p_broker,False,16862.99746869365
3780,retail,False,24560.882952711458
3781,merchant,False,8671.130017932164
3782,merchant,False,29324.80753020245
3783,retail,False,59.7682044175679
3784,retail,False,76608.40424588195
3785,merchant,False,12118.482727183446
3786,p2p_broker,False,4615.147729712899
3787,retail,False,5830.873468779529
3788,retail,True,4610.153133094439
3789,retail,False,20140.51747019407
3790,retail,False,4508.965579081244
3791,retail,False,4196.718156839267
3792,retail,False,86.74688410539295
3793,retail,False,5321.409827083543
3794,retail,False,71.90919576036381
3795,retail,True,8922.751128214046
3796,retail,False,3784.681645269085
3797,retail,False,6035.325503373037
3798,retail,True,4755.938363245159
3799,retail,False,6576.5432619383655
3800,retail,False,3789.1860664524575
3801,retail,False,3029.11631437903
3802,retail,False,532.3322836820465
3803,retail,False,1193.9056694843105
3804,retail,False,5118.714167850817
3805,retail,False,550.9074303010365
3806,retail,True,944.2027764396078
3807,retail,False,14081.174562160122
3808,merchant,False,10997.402998541802
3809,retail,False,2973.7698805895684
3810,retail,False,866.4650577301
3811,retail,False,13048.872867443868
3812,retail,False,2203.3108274744277
3813,retail,False,3132.7149068116964
3814,retail,False,6514.624952662144
3815,retail,False,603.7770534490726
3816,retail,False,341.4333548331645
3817,retail,False,4203.378820239807
3818,retail,False,2941.522368456691
3819,merchant,False,8652.949107659819
3820,retail,False,152.22397769920372
3821,retail,False,8.474613922486782
3822,retail,False,3223.3381585353845
3823,retail,False,2565.2127473214014
3824,retail,False,1786.555455256242
3825,retail,False,6604.130216107971
3826,retail,False,870.4685616987813
3827,retail,False,4630.2686879569965
3828,merchant,False,7870.273152237665
3829,retail,False,1293.4091683597203
3830,retail,True,1118.93686045125
3831,retail,False,1035.530743977431
3832,retail,False,8082.976224526027
3833,retail,False,592.8313624090579
3834,retail,False,2756.6545233952393
3835,retail,False,899.414979955849
3836,retail,False,9785.402942116314
3837,retail,False,669.7724834914213
3838,retail,True,9892.492312163731
3839,retail,True,2880.961302651048
3840,retail,False,11604.067565340183
3841,retail,False,3314.182650430673
3842,retail,True,2426.8412966017468
3843,retail,True,7886.921847968167
3844,p2p_broker,False,12460.383991181512
3845,retail,False,9912.563236712333
3846,retail,False,4465.762182185739
3847,retail,False,310.31729254050515
3848,retail,False,3408.5518910934734
3849,retail,False,102.08835528179168
3850,retail,False,218.5581670096202
3851,retail,True,9762.761781923142
3852,retail,False,854.989043780228
3853,retail,False,4095.4863215225414
3854,retail,False,8403.554258951293
3855,retail,False,4397.339348143761
3856,merchant,False,3569.195288730427
3857,retail,False,3024.0292157363383
3858,retail,False,44775.00671155462
3859,retail,True,63261.01281760239
3860,retail,False,3070.9924391470317
3861,retail,False,11527.911568434218
3862,retail,False,2953.571772566783
3863,retail,False,4322.050595254443
3864,merchant,False,12707.826368698568
3865,retail,False,13187.857125582732
3866,retail,False,8849.244415657608
3867,retail,False,1128.403273052515
3868,retail,False,3168.9958826038974
3869,retail,False,8276.019595031823
3870,retail,False,64.57118915259376
3871,retail,False,8661.435638921586
3872,retail,False,3412.775830739976
3873,retail,False,89.91408161900489
3874,escrow,False,6250.365438910184
3875,retail,False,24053.106300232084
3876,retail,False,8047.724833614114
3877,p2p_broker,False,16610.507228575178
3878,retail,False,13181.147926456208
3879,retail,False,2036.8652514353103
3880,retail,False,824.016058765446
3881,merchant,False,1115.1369046489235
3882,retail,False,4593.461694177932
3883,retail,False,637.89883201722
3884,p2p_broker,False,9562.61295671689
3885,retail,False,779.4519101926372
3886,p2p_broker,False,14493.479521709583
3887,merchant,False,7742.359969444571
3888,merchant,False,31190.350553620654
3889,retail,False,322.40093893176186
3890,retail,False,8405.326937207969
3891,retail,False,2262.984451446365
3892,retail,False,14682.181457765737
3893,retail,False,6432.904120967668
3894,merchant,False,3478.941700605478
3895,retail,False,4181.80460801731
3896,retail,False,8502.466000642087
3897,retail,True,2427.695428786512
3898,retail,False,60185.310712273684
3899,retail,False,4058.583214899484
3900,retail,True,7357.794917447357
3901,merchant,False,7618.816681594882
3902,retail,False,6202.169997245487
3903,retail,False,149.49883865263382
3904,retail,False,6110.709511365044
3905,retail,False,6471.46270519482
3906,merchant,False,38006.54734294446
3907,merchant,False,2148.992614095375
3908,retail,True,9750.205965364501
3909,merchant,False,12234.876196540568
3910,retail,False,8866.926233247586
3911,retail,False,3566.345057925645
3912,merchant,False,1557.146681209972
3913,retail,True,12293.429517330402
3914,retail,False,27967.37340915756
3915,retail,False,9689.9074347494
3916,retail,False,9460.994458465424
3917,retail,False,2229.234545208015
3918,retail,False,856.2166690696829
3919,retail,False,9130.254854214752
3920,retail,False,833.9328220057581
3921,merchant,False,8253.920517052044
3922,retail,False,6689.773081514176
3923,merchant,False,7908.283977687466
3924,retail,False,984.6947323741175
3925,retail,False,8611.628759686006
3926,retail,False,5855.800304801365
3927,merchant,False,15952.72435233908
3928,retail,False,19707.30977949118
3929,merchant,False,16436.373772065945
3930,retail,False,6482.4463885053165
3931,retail,False,643.1152588650593
3932,retail,False,22205.960075302206
3933,retail,False,1874.4010681011425
3934,retail,False,4260.329805410022
3935,retail,False,4057.4194796142874
3936,retail,False,1341.416349195181
3937,retail,False,13348.18564249548
3938,retail,True,2440.5092966081743
3939,retail,False,1543.9747363050337
3940,retail,False,1233.2747745374904
3941,retail,False,4310.983759424295
3942,retail,True,6648.526808080065
3943,retail,False,237.97233238462604
3944,retail,False,706.6876014510992
3945,merchant,False,7935.464759315302
3946,retail,False,3643.1022535795737
3947,retail,False,12699.419533187698
3948,merchant,False,31551.66319012339
3949,retail,False,7336.217410946259
3950,retail,False,11237.232106587411
3951,p2p_broker,False,8605.083772912796
3952,merchant,False,10662.813370589914
3953,retail,True,164.55050168802754
3954,retail,False,2316.246598515931
3955,retail,False,9197.43623912361
3956,p2p_broker,False,1023.5784394532548
3957,merchant,False,6104.672112506238
3958,retail,False,4486.265762084314
3959,retail,False,4959.807389201371
3960,retail,True,1654.3112118379186
3961,retail,False,1601.7364397969884
3962,retail,False,3007.2382696360246
3963,retail,False,10379.066381914277
3964,retail,False,934.3751866982103
3965,retail,False,559.1746178527064
3966,retail,False,3582.9992656670393
3967,retail,False,19625.353515877938
3968,retail,False,1478.1128524612413
3969,retail,False,691.3527387460905
3970,p2p_broker,False,37.785894265374736
3971,retail,False,3149.8760586937915
3972,retail,False,1362.9440810496446
3973,retail,False,1441.395228313428
3974,retail,False,2305.779520399004
3975,retail,False,3925.3661211642248
3976,retail,False,8061.894105601741
3977,retail,False,11646.702191464048
3978,retail,False,1577.0308922779175
3979,retail,False,8772.217204875384
3980,retail,True,2200.3465660697893
3981,retail,False,7783.003616440273
3982,retail,False,822.129143002676
3983,retail,True,2162.412463868738
3984,retail,False,3619.5435585428595
3985,retail,False,627.6474244818883
3986,retail,True,7715.699162658954
3987,retail,True,2285.6625200971216
3988,escrow,False,534.8534597429825
3989,escrow,False,7534.038454125372
3990,p2p_broker,False,12638.803642655534
3991,retail,False,8269.978917644878
3992,retail,False,125.84212551250914
3993,retail,False,15614.236462643232
3994,retail,False,2113.2043202346044
3995,retail,False,546.9427422158858
3996,retail,False,2699.583705774976
3997,retail,False,10364.446033320095
3998,retail,True,2739.6791899052896
3999,retail,False,76.70608489128497
4000,retail,False,1002.3559029775926
4001,retail,False,1436.4676136066596
4002,merchant,False,25287.76637047749
4003,retail,False,17139.140375793253
4004,retail,False,1920.2207059081773
4005,retail,False,595.5741620019309
4006,retail,False,1854.1505014055847
4007,retail,False,9.86750694306673
4008,retail,False,740.0930939067063
4009,retail,False,4979.950865101624
4010,retail,False,7843.728175826074
4011,retail,False,510.08846121008185
4012,merchant,False,17502.43493446801
4013,retail,False,9202.46354607337
4014,retail,True,5029.387043500909
4015,retail,True,22602.479488050863
4016,retail,True,2537.5993418154885
4017,retail,False,3584.321814300458
4018,retail,False,3330.9815557559223
4019,retail,True,7039.176500834903
4020,retail,False,3919.76272472961
4021,retail,False,5144.828145336747
4022,retail,True,3064.497565648153
4023,merchant,False,25519.074893506884
4024,retail,False,23.653446325231542
4025,merchant,False,7844.399451521658
4026,retail,False,5876.60077205587
4027,retail,False,1933.1261066748043
4028,retail,False,3124.6635940486553
4029,merchant,False,5053.918144508545
4030,retail,True,4829.754034385523
4031,retail,False,6625.565491675771
4032,retail,False,3557.0327482913385
4033,retail,False,6840.42216297941
4034,retail,False,1113.599894414461
4035,retail,False,4145.100557294206
4036,retail,False,623.0526641345165
4037,merchant,False,13043.341996938032
4038,retail,False,501.61639654517353
4039,merchant,False,2876.5543669828517
4040,retail,False,1711.0913879509542
4041,retail,True,10632.287651783154
4042,retail,False,11653.078374974526
4043,merchant,False,1227.6452455711403
4044,retail,False,2628.2051181332904
4045,retail,False,2302.3187549904346
4046,retail,False,7253.631397239444
4047,retail,False,2600.3848233544686
4048,retail,False,243.44757193278411
4049,retail,False,3710.5663552518763
4050,merchant,False,16452.002575830043
4051,retail,False,8542.978351549335
4052,retail,False,4184.464821571857
4053,retail,False,2401.532103680716
4054,merchant,False,20426.94072003206
4055,merchant,False,9788.498265568405
4056,retail,False,4985.829675713376
4057,p2p_broker,False,1202.9191677894194
4058,retail,False,795.0331953527323
4059,merchant,False,3237.8587493104515
4060,p2p_broker,False,3346.072798673529
4061,retail,False,1068.3887260840454
4062,retail,False,3465.939459524431
4063,retail,False,3462.149772723896
4064,retail,True,8137.511432314543
4065,retail,False,9558.474916158737
4066,retail,False,9323.688875977843
4067,retail,False,2578.5331945062458
4068,merchant,False,7894.576123544788
4069,retail,False,5017.482738851875
4070,retail,False,8293.75503983088
4071,retail,False,531.4485912570556
4072,retail,False,1760.0704034630292
4073,retail,False,19624.17178354062
4074,retail,False,1199.916336698466
4075,retail,False,10938.287371088907
4076,retail,False,4709.525816295783
4077,retail,False,469.2479558510772
4078,retail,False,665.2454947342871
4079,retail,False,3214.996755728669
4080,retail,True,4741.632289065872
4081,retail,True,4012.267257887042
4082,retail,False,12251.958618670276
4083,retail,False,6808.263114138617
4084,retail,True,3184.612009593807
4085,merchant,False,3083.0286023366957
4086,retail,False,93.76296431941638
4087,retail,False,4138.580738264289
4088,retail,False,1938.8865284022797
4089,retail,True,33368.798008775724
4090,retail,False,31796.337806314776
4091,retail,True,2567.0616309787993
4092,merchant,False,38989.703797610746
4093,retail,True,4262.391453101292
4094,retail,True,2449.5397799596913
4095,retail,False,10355.243759326471
4096,retail,False,1972.3055689416371
4097,retail,False,1455.525234789082
4098,retail,False,2107.5474587906806
4099,merchant,False,11384.485412428336
4100,retail,False,12605.930365151964
4101,retail,False,91.88883745631946
4102,retail,False,6954.310903865525
4103,retail,True,200.79625859608495
4104,merchant,False,3004.199745822165
4105,retail,False,19094.34616814616
4106,retail,False,2144.6479792465225
4107,retail,False,12.634136788333706
4108,merchant,False,4906.330447779775
4109,retail,False,4206.538310923234
4110,retail,True,180.108366416203
4111,merchant,False,10503.061666810172
4112,retail,True,1606.4861083938204
4113,retail,False,2219.1889192149793
4114,retail,False,3891.152745330508
4115,retail,False,6155.843160528547
4116,retail,False,4719.70634041342
4117,merchant,False,2526.994213214653
4118,retail,False,991.185793737102
4119,retail,False,3964.663488420695
4120,p2p_broker,False,7197.561198761316
4121,retail,False,11338.458389462097
4122,merchant,False,7155.658809757546
4123,retail,False,679.994100037169
4124,escrow,False,10964.619546681435
4125,retail,False,778.4838972355504
4126,retail,False,15456.290936338106
4127,retail,False,4170.784241225676
4128,retail,False,3158.357861146871
4129,merchant,False,2683.3691432886853
4130,retail,False,461.7470043758985
4131,retail,False,7610.826774107164
4132,retail,False,4757.554260377431
4133,retail,False,1062.17757302351
4134,retail,False,6064.6590879047635
4135,retail,True,10159.975145937091
4136,retail,False,4060.899874764684
4137,merchant,False,6688.874384674173
4138,retail,False,252.56984707739906
4139,retail,False,423.09432771633914
4140,retail,False,1962.9898319705442
4141,retail,False,560.3748308815094
4142,retail,False,1727.7546130644193
4143,retail,False,891.8702331041394
4144,retail,False,2449.1042858702895
4145,retail,False,493.9647257251126
4146,retail,False,331.3774362456981
4147,retail,True,18895.059413402087
4148,retail,False,1896.4352748520823
4149,retail,False,1486.2235945576952
4150,retail,False,1091.449597997147
4151,retail,False,6519.2505365282805
4152,retail,False,463.57671046127723
4153,retail,False,37955.52054766566
4154,retail,False,376.1468963471682
4155,retail,False,3344.057891072244
4156,merchant,False,3307.6860473880797
4157,retail,False,2283.3593615760647
4158,retail,False,11457.621324519521
4159,retail,False,7109.207576350431
4160,retail,False,1927.3724161232994
4161,retail,False,2506.307973806315
4162,merchant,False,5993.346770542311
4163,retail,False,3782.664353457534
4164,retail,False,3062.6832403480753
4165,retail,False,11153.003338123348
4166,retail,False,327.1545916408077
4167,retail,True,866.8359988428597
4168,retail,False,1320.4588947625627
4169,retail,False,4894.423768943041
4170,p2p_broker,False,960.4512156900751
4171,retail,True,8511.584312877892
4172,escrow,False,2211.9281511607733
4173,retail,False,1644.8743552042317
4174,retail,False,8459.001949938704
4175,retail,False,4349.616810890613
4176,retail,True,1895.7715025646792
4177,p2p_broker,False,7040.929107522082
4178,retail,True,438.5479445811334
4179,merchant,False,1694.0215963005649
4180,retail,True,2957.8780167207037
4181,retail,False,9731.05480562385
4182,retail,False,4806.280779016504
4183,retail,False,1351.2545164896858
4184,merchant,False,1327.6160209069735
4185,merchant,False,22447.673012323507
4186,retail,False,20820.374089710265
4187,retail,False,1068.4051619219604
4188,retail,False,8742.050585835326
4189,retail,True,1009.5170697566299
4190,retail,False,4054.7714504282912
4191,retail,False,1123.3286476943922
4192,retail,False,5527.066463898636
4193,merchant,False,30041.992080566393
4194,retail,False,561.2638813035759
4195,retail,False,1514.139960287414
4196,retail,True,3526.5807688874756
4197,merchant,False,7664.715810275248
4198,retail,False,44.96118570299204
4199,retail,False,223.87983956458868
4200,retail,False,25421.27453978536
4201,merchant,False,15362.849245696782
4202,retail,False,4530.778928925778
4203,retail,False,960.3488391129974
4204,retail,False,930.5322177078297
4205,retail,False,17767.353647847045
4206,retail,False,1941.3414857219673
4207,retail,False,5195.1946077838875
4208,retail,False,293.1753660106623
4209,retail,False,2565.095490745276
4210,retail,True,7285.271971461313
4211,retail,True,4529.031920320127
4212,retail,False,2811.344085135253
4213,retail,True,1791.2427790495647
4214,retail,False,1381.2677916706023
4215,retail,True,5038.2764162370695
4216,retail,False,3245.3596565342636
4217,retail,False,9280.21449314411
4218,p2p_broker,False,4528.058622586913
4219,retail,False,7242.324445330959
4220,retail,False,2447.6497194575195
4221,retail,False,6267.184178913901
4222,retail,False,85.2838806522156
4223,retail,False,922.6540957817997
4224,retail,False,19164.347256559566
4225,merchant,False,6549.285550829082
4226,retail,False,20283.201317986764
4227,retail,False,7457.909761589606
4228,retail,False,919.7845662453135
4229,retail,False,4874.282785853955
4230,p2p_broker,False,493.63033495882473
4231,retail,False,1088.665264978539
4232,retail,False,3209.681865822002
4233,retail,False,6212.675980635385
4234,retail,False,3.6997730961958126
4235,retail,False,1368.04748242074
4236,retail,True,290.84113776233994
4237,merchant,False,11939.880639573852
4238,retail,False,2090.7086737658956
4239,retail,True,1138.1570224560758
4240,retail,False,1604.7742031542014
4241,merchant,False,20696.973764293663
4242,retail,False,5996.07957661896
4243,retail,False,544.7477078352524
4244,retail,False,4623.97207582706
4245,retail,False,1488.1153643795878
4246,merchant,False,8224.52265123096
4247,retail,False,3037.5607568993123
4248,retail,False,1246.598275530932
4249,merchant,False,26173.42357026588
4250,retail,False,306.66598829922503
4251,retail,False,11819.737431350477
4252,retail,False,2382.8234192600066
4253,retail,False,697.6826067384459
4254,merchant,False,3367.976419001996
4255,retail,False,1029.1577491746693
4256,retail,False,537.2423538353491
4257,retail,False,6393.321449699852
4258,p2p_broker,False,4562.174424745068
4259,retail,False,2299.9345341507114
4260,p2p_broker,False,8428.064155374417
4261,merchant,False,20584.24833320407
4262,retail,False,1008.3321972025453
4263,merchant,False,11130.551655042364
4264,retail,False,4311.473359712104
4265,retail,False,626.9509976479686
4266,retail,False,4913.059490678233
4267,merchant,False,15342.790086040124
4268,retail,False,1466.7243705753654
4269,retail,False,11408.343346896432
4270,escrow,False,2084.3488077057154
4271,retail,False,21089.774635729656
4272,merchant,False,11935.270972534503
4273,merchant,False,1930.540326309555
4274,retail,False,2392.7378298121757
4275,retail,False,110.05328271497144
4276,retail,False,3705.180846245749
4277,merchant,False,3308.26666503054
4278,retail,False,6543.581429061064
4279,retail,False,1782.9771733310017
4280,retail,False,23810.438096184895
4281,retail,False,6129.154025158733
4282,retail,False,2196.438063923166
4283,retail,False,11757.681669279027
4284,merchant,False,2377.6254495083567
4285,retail,False,2812.2935952700614
4286,merchant,False,5144.815501796041
4287,retail,True,3200.9522222980922
4288,escrow,False,393.97758364107017
4289,retail,True,11910.401462300775
4290,retail,False,953.9594238499935
4291,retail,False,4986.961254262298
4292,retail,False,287.27161531822304
4293,retail,False,24535.0264213429
4294,merchant,False,20363.70787185511
4295,retail,False,4554.890192089698
4296,retail,False,7007.337272519768
4297,retail,False,5814.9628788175805
4298,retail,False,792.6233328605915
4299,retail,True,1406.874869985012
4300,retail,False,1927.029036754321
4301,retail,False,752.8648188022961
4302,escrow,False,11646.154271719366
4303,retail,False,2452.364578252099
4304,retail,False,1632.0658736075486
4305,retail,False,8831.309055802602
4306,retail,False,1403.942340099992
4307,retail,False,1713.497463641896
4308,merchant,False,27257.906255696333
4309,retail,False,1637.8451870506888
4310,retail,False,1920.3285264238073
4311,retail,False,5611.535512876938
4312,retail,False,8624.408385322171
4313,merchant,False,31531.556907295206
4314,retail,False,13992.684445029501
4315,retail,False,4778.409405290379
4316,merchant,False,1490.3522734509245
4317,retail,False,4916.526026621746
4318,merchant,False,368.6888337907301
4319,retail,False,1094.9811165923538
4320,merchant,False,21974.632380609753
4321,retail,False,11022.531973493427
4322,retail,False,7199.26607734484
4323,retail,False,1275.779810633619
4324,retail,False,11765.423783619268
4325,retail,False,2793.0221993251284
4326,retail,False,7911.093468912624
4327,retail,True,3160.8326802765337
4328,merchant,False,49.48192311987077
4329,merchant,False,18150.46908421187
4330,retail,False,563.7917576553966
4331,merchant,False,2459.49751557186
4332,retail,False,2010.1649294917952
4333,retail,False,942.8149473569449
4334,merchant,False,1116.4510723952853
4335,retail,False,993.4843175063356
4336,retail,False,4356.152311418099
4337,retail,False,2075.1540500463366
4338,retail,False,204.40533121409186
4339,merchant,False,28355.514578410108
4340,retail,True,10551.178046114228
4341,retail,False,5824.655295764343
4342,retail,False,7603.870673858243
4343,retail,False,1360.6225682229006
4344,retail,False,12209.17817039099
4345,merchant,False,14934.401131598996
4346,retail,False,773.876432607389
4347,merchant,False,13674.361098218023
4348,retail,False,810.5292456042674
4349,merchant,False,13456.503652727877
4350,retail,False,2737.2115474767343
4351,retail,False,84.47341462125247
4352,retail,True,14382.164056962074
4353,retail,True,3934.278201682129
4354,merchant,False,12228.172591653112
4355,retail,False,258.82077034385117
4356,p2p_broker,False,1068.92442590982
4357,retail,False,611.1764154103283
4358,retail,False,8179.628248071906
4359,retail,False,1137.216143071264
4360,retail,True,979.662566502462
4361,retail,False,753.9848105369401
4362,retail,False,387.5888482882776
4363,p2p_broker,False,49789.82554862324
4364,retail,False,3723.720675883126
4365,retail,False,3951.8987828285563
4366,retail,False,4493.537909354893
4367,retail,False,173.00745079153262
4368,retail,False,3047.537820772305
4369,retail,True,447.6999770132096
4370,retail,False,5195.313363171098
4371,retail,False,9307.990587132586
4372,retail,False,4578.147603273775
4373,retail,False,4328.210450384779
4374,retail,False,8930.870117821405
4375,retail,False,9.583604819134706
4376,retail,False,1470.7442616409544
4377,retail,False,11018.263774148936
4378,merchant,False,32313.20721145769
4379,retail,False,3504.284885421897
4380,retail,False,15024.064565518061
4381,retail,False,144.87630711527038
4382,retail,False,10578.678536342912
4383,retail,False,487.42434255856324
4384,merchant,False,14302.089959754676
4385,merchant,False,19151.119128147482
4386,retail,True,8504.068750326509
4387,retail,False,6228.8780587538495
4388,retail,False,4825.781990369299
4389,retail,False,6568.600814126026
4390,retail,False,1765.8848740248814
4391,retail,False,45021.18998783152
4392,retail,False,11649.058901640507
4393,retail,True,5769.832354407958
4394,retail,False,3670.6458555137515
4395,retail,False,949.9613382306791
4396,retail,False,7794.375602626057
4397,retail,True,10837.123237214273
4398,retail,False,1399.3530147659214
4399,retail,True,1579.1468978555945
4400,retail,False,14063.520899892226
4401,retail,False,1421.4350535515498
4402,retail,False,1566.9270881912598
4403,retail,False,710.9870532228716
4404,retail,False,977.7699298237724
4405,retail,False,1693.8847744660798
4406,merchant,False,20139.527522114735
4407,retail,False,2781.964492497204
4408,merchant,False,2177.3010220422952
4409,retail,False,20.017179685227234
4410,retail,False,4279.589686559122
4411,retail,False,299.22018332708456
4412,retail,False,5264.625690145606
4413,retail,False,5612.479996054854
4414,retail,False,4879.078117446098
4415,retail,True,3880.8689288162864
4416,retail,False,645.1488937437658
4417,retail,False,5978.928421843642
4418,retail,False,1461.4911964346677
4419,retail,False,781.964488451522
4420,retail,False,669.0320787776163
4421,retail,False,1647.9627730136833
4422,retail,False,1466.6176141527878
4423,retail,False,809.3598364322174
4424,retail,False,3109.880945449212
4425,retail,False,92.56467959844093
4426,retail,True,7826.680442474499
4427,retail,False,1483.935620300445
4428,retail,False,2818.6453439613665
4429,retail,False,37112.288322744746
4430,retail,False,10383.085528367405
4431,merchant,False,17340.821317622976
4432,merchant,False,3135.0359273033105
4433,retail,False,222.96897257677549
4434,retail,False,1554.2105617927436
4435,retail,False,5026.874924387257
4436,merchant,False,12392.32746075548
4437,retail,False,3097.9489522710533
4438,retail,False,616.0854782783612
4439,retail,True,8659.40786849849
4440,retail,False,6249.8144427945945
4441,retail,False,9477.478256827879
4442,merchant,False,37710.406312084015
4443,merchant,False,22750.18386252982
4444,retail,False,7046.209046729861
4445,retail,False,7207.6537178308845
4446,retail,False,1725.5226219387387
4447,retail,False,1813.7386534297998
4448,retail,False,2647.931269397909
4449,retail,False,2175.8043441385744
4450,merchant,False,20.865457182565024
4451,p2p_broker,False,5324.0782406821145
4452,retail,False,1427.6173030982704
4453,retail,False,4588.265716345568
4454,retail,False,12939.167496323684
4455,retail,False,9909.825189983607
4456,retail,False,1652.8102634086165
4457,retail,False,686.845117485007
4458,retail,True,4900.057311590233
4459,merchant,False,18287.753178281804
4460,retail,False,3783.997109585063
4461,retail,False,786.3650900950842
4462,retail,False,257.77628703308477
4463,p2p_broker,False,7600.230748310187
4464,retail,False,174.7926636513435
4465,retail,True,4057.1492796915127
4466,retail,False,292.5442945258925
4467,retail,False,5084.8941066512325
4468,escrow,False,785.4894067154767
4469,retail,False,75.15693615220552
4470,merchant,False,61413.84234783915
4471,retail,False,188.27641090807376
4472,retail,False,1820.942300722892
4473,retail,False,357.5426570707235
4474,retail,False,6288.635597975646
4475,retail,False,104.00187513347703
4476,retail,True,5366.692516167027
4477,retail,False,320.74943642375143
4478,merchant,False,16892.605140335087
4479,p2p_broker,False,1134.3223999726856
4480,retail,False,6344.3083946645565
4481,retail,False,558.9597673891215
4482,retail,False,2814.7294381320253
4483,retail,True,3475.1526368847194
4484,merchant,False,6374.632008721184
4485,retail,False,638.6410661426042
4486,retail,False,2264.9953246917535
4487,retail,False,58.549549402626184
4488,retail,False,1633.2290341647315
4489,retail,True,2592.2931041542115
4490,retail,True,3576.2197501500855
4491,merchant,False,21261.487304812894
4492,escrow,False,8697.332454918935
4493,retail,False,21701.0980297283
4494,retail,False,183.41958136751393
4495,retail,True,1093.2190491654571
4496,retail,True,9444.715007070514
4497,retail,False,14285.910777256157
4498,merchant,False,16954.518428609223
4499,retail,False,6118.354572839935
4500,retail,False,1385.0473308150576
4501,retail,False,890.683604929873
4502,retail,False,803.191060896789
4503,retail,False,5690.5119329289155
4504,retail,False,6654.939995057496
4505,retail,False,6473.085144988487
4506,retail,True,3172.232368704268
4507,retail,False,702.6428209858095
4508,retail,False,508.47842947929905
4509,retail,False,1771.8800548655302
4510,retail,False,6400.428595546753
4511,retail,False,3457.9943429022305
4512,merchant,False,32339.386938163076
4513,retail,False,18502.271029358104
4514,retail,False,8639.157661722702
4515,retail,False,9003.321578423494
4516,retail,False,113.30324416221679
4517,retail,False,397.710975228734
4518,retail,False,2323.9796464458805
4519,retail,False,374.05694482371996
4520,retail,False,13905.3223470608
4521,retail,False,3124.3608969586967
4522,retail,True,1238.9566157800984
4523,merchant,False,17212.3184172706
4524,retail,False,12783.253154933143
4525,retail,False,8614.303333735883
4526,retail,False,4946.247436670579
4527,retail,False,1142.1261226250451
4528,retail,False,1056.1790789596146
4529,retail,False,2951.2275335227982
4530,retail,False,3807.2512454711555
4531,retail,False,661.5550489690893
4532,retail,False,709.2620370177065
4533,retail,True,6424.645283352405
4534,retail,False,161.3838373691466
4535,retail,False,1008.2110421125378
4536,retail,False,3121.7936302118405
4537,merchant,False,19103.515775067674
4538,retail,False,6257.297843602098
4539,retail,False,2294.9808854144653
4540,retail,False,2125.886585106452
4541,retail,False,1952.611456368189
4542,p2p_broker,False,17085.486128578268
4543,retail,False,489.0008666360272
4544,retail,False,591.5208422668568
4545,retail,False,3666.7057266819315
4546,p2p_broker,False,990.6753857387148
4547,retail,False,1678.985040702352
4548,retail,False,3484.9440364625198
4549,retail,False,11571.160365370595
4550,retail,False,3710.16455130324
4551,retail,False,110.19977618209018
4552,retail,False,8369.426199831885
4553,retail,False,419.4944219217425
4554,retail,True,9658.405444035672
4555,retail,False,3017.327859294518
4556,retail,False,3162.8508491364714
4557,retail,False,5771.299945100718
4558,retail,False,2770.6390455201704
4559,retail,False,2483.7532450078356
4560,escrow,False,625.4049755385354
4561,retail,False,3851.126031162379
4562,retail,False,1124.202659948016
4563,merchant,False,28726.993657227795
4564,retail,False,1921.9895571877687
4565,retail,True,5280.344657975708
4566,retail,False,66.65907579485031
4567,retail,False,3832.5903599521307
4568,retail,False,4569.976354050723
4569,retail,False,634.7086860163856
4570,retail,True,5819.892024354837
4571,merchant,False,4019.2777731331353
4572,retail,False,1017.0532630529076
4573,retail,True,1211.500349166829
4574,merchant,False,709.9809339359837
4575,retail,False,2306.998381258072
4576,merchant,False,2964.8278455599757
4577,retail,False,3688.568906197859
4578,retail,False,3931.406192103027
4579,retail,False,14635.997895077027
4580,retail,False,3341.7708958444236
4581,retail,False,2625.315822923035
4582,merchant,False,9409.261380361195
4583,p2p_broker,False,1676.5925468764353
4584,retail,False,5442.52486688289
4585,retail,False,962.7923270964258
4586,retail,True,2356.6849084896617
4587,merchant,False,11574.011245250584
4588,retail,False,1904.7450701577402
4589,merchant,False,12409.37338394721
4590,retail,False,26.143728378872396
4591,retail,False,10409.984170996753
4592,retail,False,16892.904118375205
4593,retail,False,31.2062704966161
4594,retail,False,5538.740826011661
4595,p2p_broker,False,486.5645961889559
4596,retail,False,188.476164179656
4597,retail,False,11186.265456909297
4598,retail,False,2129.236482441044
4599,retail,False,4132.7012630840845
4600,retail,False,1569.5942570089596
4601,merchant,False,26305.095115110562
4602,p2p_broker,False,6628.896377464398
4603,retail,False,24137.04980398516
4604,retail,False,3380.6872286108865
4605,retail,True,1160.4426605861413
4606,merchant,False,44437.821978029395
4607,retail,False,2878.9978630202104
4608,retail,False,2260.473281933907
4609,p2p_broker,False,4215.776003201026
4610,merchant,False,7049.702034748267
4611,retail,False,3652.1483510504213
4612,retail,False,5382.617415053966
4613,retail,False,9202.882797248358
4614,retail,False,2855.304423743122
4615,retail,False,58.93976883880306
4616,retail,False,5202.486643594694
4617,retail,False,1578.1400206756541
4618,retail,False,353.32653657016544
4619,retail,False,312.9308188834323
4620,retail,False,4902.614063302864
4621,merchant,False,47883.65120689898
4622,retail,False,3188.1842800158997
4623,merchant,False,10556.139361566738
4624,retail,False,3609.286012439572
4625,retail,False,2572.052318797922
4626,merchant,False,24373.61920480501
4627,retail,False,1628.942943135858
4628,retail,False,2130.374062653323
4629,retail,False,2755.01007542389
4630,retail,False,1439.2613495487442
4631,retail,False,2992.23461026901
4632,retail,False,9768.386996927098
4633,retail,False,2550.7523099607365
4634,retail,False,112.50626124745423
4635,retail,False,1744.0599824482413
4636,retail,False,1667.6091593974822
4637,retail,False,2586.7371016525435
4638,retail,False,2640.4207387580254
4639,retail,False,3119.3753861158707
4640,retail,True,2641.660250243636
4641,retail,False,2451.027205599
4642,retail,False,4751.051723838799
4643,retail,False,20859.538422904217
4644,retail,False,4762.36497212994
4645,escrow,False,7222.997064954303
4646,merchant,False,705.1106224061632
4647,retail,True,4447.902296854041
4648,retail,False,4158.545564608368
4649,retail,False,3435.3119466667067
4650,merchant,False,7047.342106725914
4651,merchant,False,4307.84836133335
4652,retail,False,5104.853711633986
4653,retail,False,6641.107888162114
4654,retail,False,801.8836853531097
4655,merchant,False,9071.182730709135
4656,merchant,False,15898.392352564757
4657,retail,True,12522.65356880836
4658,retail,False,9740.420357582494
4659,retail,False,4696.767634933139
4660,retail,True,16342.143043743232
4661,merchant,False,7242.438341819328
4662,retail,False,1441.8973142281502
4663,retail,False,1316.5583277592732
4664,retail,False,3781.0806101288413
4665,retail,False,12229.635057432532
4666,merchant,False,21271.781748784008
4667,retail,False,1818.427995926032
4668,merchant,False,19614.215887281374
4669,retail,False,9977.078292476248
4670,retail,False,1400.8711246345936
4671,retail,False,6397.698089141966
4672,retail,False,12488.40435271465
4673,retail,False,11306.061925765684
4674,retail,False,5508.026117709656
4675,retail,True,539.7287433066604
4676,retail,False,8622.60210118248
4677,retail,False,578.6083255874578
4678,retail,False,4571.369425820054
4679,merchant,False,4656.652922746956
4680,merchant,False,9182.588511623819
4681,retail,False,10465.662436409082
4682,retail,False,8168.276608082616
4683,retail,False,811.9832829417658
4684,escrow,False,467.29861960089875
4685,retail,False,2083.8331415638677
4686,retail,False,2930.2639412774465
4687,retail,False,3401.1656717933733
4688,merchant,False,24161.7151465208
4689,retail,False,9400.732172629014
4690,retail,True,2105.4267084139938
4691,retail,False,11836.639617690704
4692,retail,False,210.16175699554765
4693,merchant,False,20710.89955161794
4694,retail,False,608.0696600234362
4695,retail,False,365.79314114114135
4696,retail,True,4821.458520860883
4697,retail,False,153.88658485448104
4698,retail,False,5566.411875626749
4699,retail,True,8449.887794449736
4700,p2p_broker,False,2854.7960090015767
4701,retail,False,4179.085877152336
4702,retail,False,1410.550232045804
4703,retail,False,478.0011434040685
4704,retail,False,5365.014849040782
4705,retail,False,2975.2445656161635
4706,retail,False,510.61288080533427
4707,retail,False,1276.9512215640952
4708,retail,False,5324.794232659253
4709,retail,False,301.2751811946249
4710,retail,False,320.7603866076805
4711,retail,True,8077.808167610544
4712,retail,False,6222.796342762021
4713,merchant,False,3766.674711537612
4714,retail,False,227.48919948173253
4715,retail,True,8235.811832668818
4716,retail,False,16420.32825914771
4717,retail,True,560.4450563313763
4718,retail,False,4362.21491155316
4719,retail,False,1103.5119826721584
4720,retail,False,1011.3569575283182
4721,retail,False,7913.373083033547
4722,retail,False,3987.2860695315308
4723,retail,False,6156.965436004616
4724,retail,False,1235.278315666322
4725,retail,False,1020.8861750215684
4726,merchant,False,7623.6031180781565
4727,retail,False,8665.32375832563
4728,retail,True,570.7740920148207
4729,retail,False,1235.122649953732
4730,retail,False,3949.878380331226
4731,merchant,False,6295.680509017558
4732,retail,False,10674.105005061705
4733,retail,False,13293.615451391643
4734,merchant,False,10806.593096423918
4735,retail,False,5587.737982424532
4736,retail,False,1670.0960198730818
4737,retail,False,1992.3619189026726
4738,retail,False,1201.6005970419146
4739,retail,False,7060.463053292575
4740,retail,False,3961.396174141633
4741,retail,False,1036.7546408478179
4742,retail,False,5372.045647290878
4743,retail,False,3823.008696736719
4744,retail,False,4337.035276830992
4745,retail,False,4850.629090606444
4746,retail,True,6487.449872020705
4747,retail,False,5602.305018507059
4748,merchant,False,32335.822727388804
4749,retail,False,1323.3670036847814
4750,retail,False,3511.780438489508
4751,retail,True,1494.4800777746568
4752,retail,False,6133.63067307042
4753,retail,True,1442.5880037546035
4754,merchant,False,4973.213433497709
4755,retail,True,182.7103935363525
4756,retail,False,1618.2526473256466
4757,p2p_broker,False,5954.66537035074
4758,retail,False,12166.414585867236
4759,merchant,False,36066.86814067436
4760,retail,True,12203.18481697993
4761,retail,False,5044.69356578497
4762,merchant,False,60545.45797373594
4763,retail,False,3527.1714616521085
4764,retail,False,3534.896977937142
4765,retail,False,2570.434862657311
4766,retail,True,8357.464752400892
4767,retail,False,4925.799917947791
4768,retail,True,1575.889045132134
4769,retail,True,1948.1572332902551
4770,retail,False,120.04221445847365
4771,retail,False,2505.1298800405802
4772,retail,False,9532.591914277597
4773,retail,False,8694.437333888036
4774,retail,False,244.79105574367264
4775,retail,True,7498.605524831661
4776,retail,False,552.8744439025044
4777,retail,False,5030.5420995088525
4778,retail,False,1171.766400485332
4779,retail,False,631.9446348653165
4780,retail,False,1611.1631650339675
4781,escrow,False,8248.268352452718
4782,merchant,False,18136.86543407642
4783,retail,False,8664.615441514457
4784,p2p_broker,False,17060.052995054615
4785,merchant,False,1895.3957316417905
4786,retail,False,389.70387832439764
4787,retail,False,8625.447933176676
4788,retail,False,2004.323446740496
4789,retail,False,3434.1328594973384
4790,retail,False,4180.138774219783
4791,retail,False,1180.1138196968977
4792,retail,False,1552.8500243177793
4793,p2p_broker,False,851.6436353634967
4794,retail,False,1028.2369325774523
4795,retail,True,6636.171232413166
4796,retail,False,8495.559351237072
4797,retail,False,858.4407640594328
4798,merchant,False,8626.952397549034
4799,retail,False,730.712024457573
4800,retail,False,409.7915105489015
4801,retail,False,6811.757298108488
4802,retail,False,432.79302843848905
4803,retail,False,2401.825378170364
4804,merchant,False,25605.628128725944
4805,retail,False,26396.811485349706
4806,retail,False,725.8677292425914
4807,retail,False,4699.611550773053
4808,retail,False,5175.0553157489485
4809,retail,False,1358.5647240275966
4810,retail,False,4190.109945599574
4811,retail,False,830.7350331636073
4812,retail,False,1898.397520249038
4813,merchant,False,33549.959423046625
4814,retail,False,5961.014650189039
4815,retail,False,422.5719645939776
4816,retail,True,1684.2963673814909
4817,retail,False,3124.8591375809415
4818,retail,False,57.91548282509433
4819,retail,False,9910.456112442032
4820,retail,False,1060.2658791714498
4821,retail,False,7760.830705846164
4822,retail,False,41633.77514521164
4823,retail,False,6718.419757123214
4824,retail,False,823.2841166398656
4825,retail,False,25826.202105857454
4826,retail,False,3910.370387549331
4827,retail,False,898.994892226551
4828,retail,True,1639.2254798552121
4829,merchant,False,19548.700578573713
4830,retail,False,2027.8321986596839
4831,retail,False,731.945213710533
4832,retail,False,506.8384908138926
4833,retail,False,5204.163677896262
4834,retail,True,6534.82849184369
4835,merchant,False,9920.273082513853
4836,retail,True,6993.423871896399
4837,retail,False,2540.936887239721
4838,retail,False,852.6593733883584
4839,retail,True,1208.5282386571666
4840,merchant,False,1817.4114877860357
4841,retail,True,3454.897224536363
4842,retail,False,1374.997977021932
4843,retail,False,6471.613173857127
4844,retail,False,5131.253028162212
4845,retail,False,9250.05475201451
4846,retail,False,3875.916537624035
4847,retail,False,52.03975509215519
4848,retail,False,3083.531681568725
4849,retail,True,3876.9404220838906
4850,retail,False,895.6237602296565
4851,retail,False,1015.1064154817486
4852,merchant,False,2481.882507755255
4853,retail,False,120.8391390472562
4854,retail,False,1194.6659974458855
4855,merchant,False,3588.696440878096
4856,retail,False,3252.255753503955
4857,retail,True,352.47263248294934
4858,retail,False,36406.9640622748
4859,retail,False,1151.6585749392473
4860,retail,False,5013.915364702162
4861,merchant,False,41499.90410884654
4862,retail,False,146.91743700314123
4863,retail,False,4995.713170851333
4864,retail,False,7866.951601405506
4865,retail,False,519.7303904179723
4866,retail,False,4097.021564486484
4867,retail,False,2319.805753796735
4868,retail,False,5536.744382988191
4869,retail,False,2147.483999477294
4870,retail,False,2878.492115036409
4871,retail,False,1152.588670305815
4872,retail,False,1151.3045659751501
4873,retail,False,6670.107341713927
4874,retail,False,6284.980369642672
4875,retail,False,5582.776627620814
4876,retail,False,4841.819394178975
4877,retail,True,403.83846847308627
4878,retail,False,8103.707007411551
4879,retail,False,7627.0290780727155
4880,retail,True,66.91423619684322
4881,retail,True,1993.0463197806318
4882,retail,False,4118.85741725712
4883,retail,False,1878.075530557394
4884,merchant,False,33279.28331932873
4885,merchant,False,1409.187669074278
4886,retail,False,1612.1241368724059
4887,retail,False,6210.724940678922
4888,retail,False,1841.6035156674282
4889,escrow,False,18831.559671990035
4890,retail,False,9103.775591640346
4891,retail,True,6930.688912559899
4892,retail,False,30089.857164021003
4893,retail,True,1831.0783702617762
4894,retail,False,1144.5709716588995
4895,retail,False,10596.204859290718
4896,retail,False,77.91041734585997
4897,retail,False,6293.654309710082
4898,merchant,False,1693.8810829776871
4899,retail,False,1295.2757016601875
4900,retail,False,1532.2854731372418
4901,retail,True,3121.4780660631254
4902,retail,False,6983.750325773643
4903,merchant,False,6137.1604778984465
4904,retail,False,812.3778831217951
4905,retail,False,5542.991641286561
4906,merchant,False,5387.992205092455
4907,retail,False,3197.0201148708134
4908,retail,False,4245.984460527976
4909,retail,False,12726.167047541114
4910,retail,False,401.06735444077
4911,retail,False,2389.2139154467177
4912,retail,False,3854.5975185862785
4913,merchant,False,10105.836406447454
4914,retail,False,2224.82212086264
4915,merchant,False,6175.144459186927
4916,retail,False,432.6208124960815
4917,retail,False,5386.131852626786
4918,merchant,False,2591.9888194862165
4919,retail,False,6096.41268010745
4920,retail,False,635.5286324388835
4921,retail,False,1491.3884431439067
4922,retail,True,14772.400320698907
4923,merchant,False,37071.8884421681
4924,retail,False,2403.2737533115096
4925,retail,False,2193.660305920405
4926,retail,False,362.2892153379194
4927,retail,False,2525.008126962363
4928,retail,False,358.19540472578467
4929,retail,True,2228.295148907754
4930,retail,False,2989.1752662856843
4931,retail,False,3519.7404936538824
4932,retail,False,4787.886037128536
4933,retail,False,1397.9708842681491
4934,retail,False,4385.489903471875
4935,retail,False,1865.716862656285
4936,retail,False,1178.942843626909
4937,retail,False,1286.349216352239
4938,retail,True,4041.7442074908445
4939,retail,False,86854.32942646979
4940,merchant,False,16985.580668732637
4941,retail,False,22869.26477685718
4942,retail,False,8611.049407894423
4943,p2p_broker,False,6534.685135437769
4944,retail,False,2272.7798963369346
4945,merchant,False,16359.437981619169
4946,retail,False,5699.863636458845
4947,retail,False,3584.2222068335773
4948,retail,False,6195.628544283927
4949,retail,False,4355.803379340894
4950,retail,False,2229.538481727482
4951,retail,False,4032.6701031708194
4952,retail,False,2690.6752314137198
4953,p2p_broker,False,7032.029083601336
4954,retail,True,544.0956270039239
4955,retail,False,1014.0987137887854
4956,merchant,False,5547.098488005674
4957,retail,False,8819.807129843686
4958,retail,True,5135.732807088757
4959,retail,False,772.0874135589784
4960,retail,False,11522.950482226122
4961,retail,False,3887.549802761662
4962,retail,False,11196.982514615964
4963,retail,True,4569.704426229668
4964,retail,False,4739.298166247701
4965,retail,False,4817.880901447859
4966,retail,False,13018.13508310678
4967,retail,False,4353.184971217812
4968,retail,False,3533.778158755411
4969,retail,False,14027.358512509369
4970,retail,True,12833.918734426481
4971,retail,True,3326.5811082596115
4972,retail,False,3790.39591071828
4973,merchant,False,43213.60307040293
4974,retail,False,5891.483621598658
4975,retail,False,1206.1955530907958
4976,retail,False,3406.0795556373237
4977,retail,False,7493.8851865951565
4978,merchant,False,22158.48667938386
4979,merchant,False,11076.657559389681
4980,merchant,False,3454.248883637785
4981,retail,False,4188.045953795396
4982,retail,False,4323.802672081683
4983,retail,False,10768.909951147985
4984,retail,False,6489.374584669287
4985,retail,False,304.67970309897174
4986,retail,False,6744.029358205657
4987,retail,False,814.7646215585734
4988,merchant,False,21058.228166498535
4989,retail,False,2474.2786355274493
4990,retail,False,1390.266487226258
4991,merchant,False,35254.90187171387
4992,retail,False,894.7445717495814
4993,retail,False,85.40976032157116
4994,retail,False,353.0023231397279
4995,retail,False,155.08112667032287
4996,retail,False,5243.994869827788
4997,retail,True,847.3642954722193
4998,retail,False,8263.997865633899
4999,retail,True,1288.26687219747
5000,retail,False,1445.5512041921388
5001,retail,False,3609.091950959092
5002,retail,False,3821.2980667807883
5003,retail,True,918.8791201052195
5004,retail,False,6875.6496163895845
5005,retail,False,3123.149542228363
5006,retail,False,3192.680731959678
5007,retail,False,7225.062980324507
5008,retail,False,830.1805153797643
5009,retail,False,5655.442680686934
5010,retail,False,1925.2866379198947
5011,retail,False,160.06146160066172
5012,retail,False,1383.6325061798739
5013,retail,False,3106.1933208843707
5014,retail,False,4664.258416400284
5015,retail,False,4227.895557735211
5016,retail,False,6200.755411300266
5017,retail,True,7615.659353618386
5018,retail,False,1820.9881103929458
5019,retail,False,1587.7992224086738
5020,merchant,False,2435.1469940321117
5021,merchant,False,29212.210443732307
5022,merchant,False,8608.560133991532
5023,retail,False,3552.840235379374
5024,retail,False,3276.3516668448074
5025,retail,False,58.85998467476497
5026,retail,False,972.6115171366048
5027,retail,False,10421.103273498728
5028,retail,False,58.08351889722549
5029,retail,False,1256.9556443753502
5030,retail,False,121172.56960071072
5031,merchant,False,18026.658176295827
5032,retail,False,289.966895401895
5033,retail,False,1037.9495573513761
5034,retail,False,5740.390489232688
5035,retail,False,7850.842479897818
5036,merchant,False,47265.25682515431
5037,retail,False,2536.624926203301
5038,merchant,False,3089.142815287971
5039,retail,True,2770.106997325544
5040,retail,False,1592.2759842451974
5041,retail,False,4352.4463732974045
5042,retail,False,70.28065636562967
5043,retail,False,1028.389280826546
5044,retail,False,387.9660029872034
5045,escrow,False,4238.39463784987
5046,retail,False,2089.8962335000724
5047,merchant,False,599.8786961190544
5048,retail,False,7624.146019041013
5049,p2p_broker,False,9701.845669658822
5050,retail,False,18753.57984370479
5051,retail,False,340.34905292425424
5052,retail,False,3155.583978493993
5053,retail,False,301.84636953256245
5054,merchant,False,25747.06118121523
5055,retail,False,10.845780164407756
5056,retail,False,357.17533764894523
5057,retail,True,5125.347442466245
5058,retail,False,468.51585232592157
5059,retail,False,7071.9141307876025
5060,retail,False,20678.268016688675
5061,retail,False,5191.587656336389
5062,retail,False,2659.9919046877294
5063,retail,False,4101.924326747124
5064,merchant,False,1600.4012647158193
5065,retail,False,3168.119474420806
5066,retail,False,1091.459689037969
5067,retail,False,295.0111933558234
5068,retail,False,2538.6207178444683
5069,retail,False,420.24533172631374
5070,retail,False,13896.072782570634
5071,retail,True,17152.850400250783
5072,retail,False,1430.296476224415
5073,retail,False,7354.232598563827
5074,p2p_broker,False,1523.9619801086792
5075,retail,True,971.7573299136106
5076,retail,False,514.0787111678162
5077,retail,False,1186.231547038745
5078,retail,False,38.51708532777542
5079,retail,False,9000.136492562619
5080,retail,False,2848.1215856853064
5081,retail,True,3800.294975951639
5082,retail,False,847.1058729824009
5083,retail,False,1805.3833206361583
5084,merchant,False,18104.716227532284
5085,retail,False,10165.931201028681
5086,retail,False,625.282128927639
5087,retail,False,192.26364118215992
5088,merchant,False,43102.584083378344
5089,retail,False,320.0877680595963
5090,retail,False,1876.4979787820969
5091,retail,False,8412.614447394231
5092,retail,False,7980.507573108514
5093,retail,False,4951.258748569519
5094,escrow,False,13774.101316934246
5095,retail,False,1944.5813998460544
5096,retail,False,318.3039477095987
5097,retail,False,18163.042567944383
5098,merchant,False,8438.183505533032
5099,merchant,False,5643.171294393529
5100,retail,False,3822.0057123279353
5101,retail,False,9997.405583477484
5102,retail,False,195.50860316955078
5103,retail,True,5257.203581775841
5104,merchant,False,25070.17823646975
5105,retail,False,8033.40824805312
5106,retail,True,2926.1668629500223
5107,retail,False,6122.5033502216675
5108,retail,False,2675.248751879758
5109,merchant,False,3027.452475730197
5110,retail,False,3478.6277397592994
5111,retail,False,2312.276686402779
5112,retail,False,3308.9509792926256
5113,merchant,False,4012.2167195406346
5114,retail,True,352.8197766660928
5115,merchant,False,29693.645014027967
5116,retail,False,1474.1066177074383
5117,retail,False,3542.5378566854947
5118,retail,False,231.55793104239893
5119,retail,False,8497.020715173094
5120,retail,False,26645.636594646152
5121,retail,False,1474.555673692349
5122,retail,True,1821.8442280885888
5123,retail,False,2342.2542868946566
5124,retail,False,8882.100599136069
5125,retail,False,4884.150762684446
5126,retail,False,4709.802634873799
5127,retail,False,1184.2130100729594
5128,merchant,False,10828.216382915441
5129,p2p_broker,False,382.59459353316424
5130,retail,True,3368.207983746801
5131,retail,True,4732.870478644488
5132,retail,False,1652.4782962508402
5133,retail,False,2163.6029839513535
5134,merchant,False,18048.03538228428
5135,retail,False,2436.4450278473787
5136,retail,False,3619.19739358179
5137,retail,False,20658.832962675893
5138,retail,False,1830.582296740221
5139,merchant,False,4189.376416349504
5140,retail,False,96.17935249907742
5141,retail,False,3420.856782528854
5142,retail,False,3002.439988391109
5143,merchant,False,10454.784918474876
5144,retail,False,579.2954818858482
5145,merchant,False,6386.866474859373
5146,merchant,False,5946.844906675593
5147,retail,False,1185.9919538947902
5148,merchant,False,4003.2181260536977
5149,retail,True,2445.305203338122
5150,retail,False,4012.5534006840007
5151,retail,False,7877.006146637746
5152,retail,True,813.1588883436673
5153,retail,False,850.3686003375886
5154,retail,False,807.9996593001965
5155,retail,False,148.16624785144222
5156,retail,False,4762.666424164688
5157,retail,False,2574.326973097253
5158,retail,False,24402.917269168032
5159,retail,False,200.80321480618602
5160,escrow,False,10526.602642450474
5161,merchant,False,11504.72879676332
5162,retail,False,2580.62359920186
5163,retail,False,14852.14576001621
5164,retail,False,1955.4582390412575
5165,retail,False,22445.776834534096
5166,retail,False,7373.182726342325
5167,retail,False,2081.1548434854913
5168,retail,False,15124.482727096056
5169,retail,False,3189.451974856107
5170,retail,False,2895.868483837423
5171,retail,False,8538.198029373994
5172,merchant,False,13852.10557762188
5173,retail,False,4880.370116551089
5174,retail,False,6620.694240977298
5175,retail,False,1976.1951292851368
5176,retail,False,1804.5909158366562
5177,retail,False,2428.8745872209593
5178,retail,False,358.4962149646993
5179,retail,False,66.45913513051181
5180,retail,False,1013.7804514191023
5181,retail,False,1200.951245147899
5182,retail,False,300.7517734619262
5183,retail,False,3141.823354341611
5184,retail,False,17701.06896368863
5185,merchant,False,4237.611922291733
5186,retail,False,4803.45956536853
5187,retail,False,3238.132644133158
5188,merchant,False,16291.365044796607
5189,retail,False,4516.85463117647
5190,retail,True,6375.062006338226
5191,retail,False,1482.7553834726955
5192,retail,False,1613.9718727974791
5193,retail,False,1310.5849073885347
5194,merchant,False,15263.676368013943
5195,p2p_broker,False,4776.436622704515
5196,retail,False,1917.178089359278
5197,retail,True,4536.74838936981
5198,retail,False,1123.6842880248857
5199,retail,False,5433.052947749237
5200,retail,False,3862.6975000620055
5201,retail,True,6446.000504541705
5202,retail,False,16896.26773651785
5203,retail,False,3654.921320591227
5204,retail,False,2873.8371231711785
5205,retail,False,579.95936579836
5206,retail,False,2959.429808321605
5207,merchant,False,24187.64436127899
5208,retail,False,6905.096741107796
5209,retail,False,360.44691609962393
5210,retail,False,1134.2413673089136
5211,retail,False,13183.630919198871
5212,p2p_broker,False,1740.7686583127625
5213,merchant,False,11344.23555552391
5214,retail,False,23329.50494307492
5215,retail,False,100697.98196810615
5216,retail,False,393.6959727522073
5217,retail,True,8176.788242585759
5218,retail,False,3453.3381781571056
5219,retail,False,12122.256242624531
5220,retail,False,36.82134959552607
5221,retail,False,7841.836284977984
5222,retail,False,8281.832103115674
5223,retail,True,11782.660901208474
5224,retail,False,21874.060505813042
5225,retail,False,9375.349185606465
5226,retail,False,2079.196485203043
5227,retail,False,662.7256813135762
5228,retail,False,1556.047776833014
5229,retail,True,5075.948963892094
5230,merchant,False,16109.130167453148
5231,merchant,False,35555.55923613792
5232,retail,True,1323.1096870202864
5233,retail,True,652.8540058420367
5234,retail,False,5619.031959224049
5235,retail,False,5763.3547301292265
5236,retail,False,7961.847993239371
5237,retail,False,4105.944918560242
5238,retail,False,894.2579101974914
5239,retail,False,6062.172478818082
5240,retail,False,2925.8678978216044
5241,retail,False,3279.6067131715013
5242,retail,False,19579.63700583229
5243,retail,False,8461.01103379732
5244,retail,False,8138.044073051707
5245,retail,True,6658.9868793551905
5246,retail,False,7387.210405807586
5247,retail,True,17364.93845200791
5248,retail,False,755.8287296305853
5249,merchant,False,10984.10030819965
5250,retail,False,9140.506243098105
5251,retail,False,1187.6641139127373
5252,retail,False,273.66593985959275
5253,merchant,False,15286.653500576014
5254,retail,True,10744.604478084775
5255,merchant,False,53689.193979345095
5256,retail,True,787.0126631535546
5257,retail,False,4592.139079841931
5258,retail,False,2969.259696912277
5259,retail,False,3682.9879306179564
5260,retail,False,36.76952295798895
5261,retail,False,4294.557701428579
5262,retail,False,1347.316346352332
5263,merchant,False,30743.571619159968
5264,retail,False,1528.3592193077438
5265,retail,False,5807.87948020281
5266,retail,False,5019.526485348554
5267,merchant,False,7579.935440458337
5268,merchant,False,18092.800510271656
5269,retail,False,2999.0632545868125
5270,p2p_broker,False,11237.399638482926
5271,merchant,False,14462.133917039191
5272,merchant,False,18173.97938330628
5273,merchant,False,6678.732793025621
5274,retail,False,5215.927890778594
5275,retail,False,12647.601614086116
5276,retail,False,16057.857423498994
5277,retail,False,5545.723262953977
5278,retail,True,5318.124834325839
5279,retail,False,5018.634290058194
5280,p2p_broker,False,9968.152479591576
5281,retail,True,560.056480399631
5282,p2p_broker,False,18680.58264435373
5283,retail,False,7963.766410418515
5284,retail,False,9347.679848818938
5285,retail,False,7026.65844599324
5286,retail,False,2298.7485299137893
5287,retail,False,2509.607044426267
5288,retail,False,10452.830863174539
5289,retail,False,5900.969423327768
5290,retail,False,6483.0775030004
5291,retail,False,9925.405904833724
5292,merchant,False,9730.622738278103
5293,retail,False,1858.9204775423284
5294,retail,False,83999.99905882827
5295,retail,False,11598.274449419003
5296,escrow,False,867.558383958803
5297,retail,False,2836.8378771555917
5298,retail,False,1779.7165017252016
5299,retail,False,1451.4117516084175
5300,retail,False,1939.8396501727354
5301,retail,False,5443.41502730135
5302,retail,False,301.7335323202515
5303,retail,False,481.86007314805687
5304,retail,False,610.3404660726242
5305,retail,False,970.936422458329
5306,escrow,False,3957.073253837102
5307,retail,False,6973.106732692471
5308,retail,False,2218.1444654832585
5309,retail,False,1089.0184269084552
5310,retail,False,5874.754156192447
5311,retail,False,376.02381407082646
5312,retail,False,57.21906230713779
5313,retail,False,15268.430972732496
5314,retail,False,10481.128004311064
5315,retail,False,4204.015813701129
5316,retail,False,1193.1055671024487
5317,merchant,False,10111.925390090079
5318,retail,False,8680.46719068204
5319,retail,False,5104.136875885497
5320,retail,False,4375.659702650316
5321,retail,False,2146.11083302295
5322,merchant,False,20146.226904463507
5323,retail,False,5046.938637484812
5324,retail,False,2025.4252477609998
5325,retail,False,25228.172466719985
5326,retail,True,3285.868743054978
5327,merchant,False,7924.657233751418
5328,retail,False,5718.342519870705
5329,retail,False,303.583092020095
5330,retail,False,4498.179800190209
5331,retail,False,3133.797155952897
5332,retail,True,2342.524477644197
5333,retail,False,100.42843552317635
5334,retail,False,5341.66612143509
5335,retail,False,2529.7710214573685
5336,retail,False,857.7605514358639
5337,retail,False,1655.67176799925
5338,merchant,False,7874.975542724097
5339,retail,False,1099.2428101731934
5340,retail,False,6648.664474512112
5341,retail,False,2840.0885210808538
5342,merchant,False,19073.60601487005
5343,retail,False,8072.3757700143615
5344,retail,False,12697.295035484638
5345,retail,False,2701.912859617989
5346,retail,False,1063.9950622907083
5347,retail,False,1174.3421816634768
5348,retail,False,2111.329242341294
5349,retail,False,2229.945099207084
5350,merchant,False,8012.068741979055
5351,retail,False,3623.585351219324
5352,retail,True,1053.343464793189
5353,retail,False,1671.3672722098072
5354,merchant,False,12327.19602915458
5355,merchant,False,32442.144171772074
5356,retail,False,4259.930407018122
5357,retail,False,2465.230270149983
5358,retail,False,1331.4838991975885
5359,merchant,False,5979.162912942197
5360,retail,False,143.08231937747735
5361,retail,False,818.6661426489886
5362,retail,False,2519.4599212947587
5363,merchant,False,48309.65178293974
5364,merchant,False,3548.2775344518413
5365,p2p_broker,False,3552.5614830942814
5366,retail,False,9096.641590864185
5367,retail,False,12896.180897191638
5368,merchant,False,39491.5985447193
5369,retail,True,4595.713436349021
5370,retail,False,2899.6052897148966
5371,escrow,False,2407.348079577355
5372,retail,False,2578.817505983788
5373,retail,False,2433.290059057075
5374,retail,False,10786.965307320057
5375,retail,False,23784.103072290825
5376,retail,False,7407.36215947199
5377,retail,False,5948.37386271004
5378,retail,False,10693.718865568342
5379,merchant,False,19021.75644384651
5380,retail,False,681.3026182712491
5381,retail,False,5441.033523679491
5382,retail,True,8618.880621252114
5383,retail,False,1394.7662455837578
5384,retail,False,28151.291424577845
5385,retail,False,11665.623490145834
5386,retail,False,22654.365559284754
5387,retail,False,7855.831765898758
5388,retail,False,22.46401680375051
5389,merchant,False,18464.64913306811
5390,retail,False,1002.3991796600988
5391,retail,False,1417.064702565256
5392,p2p_broker,False,1455.9446732197007
5393,retail,False,4851.548214919299
5394,retail,False,1314.5215635754082
5395,retail,False,1046.2309463963843
5396,retail,True,3256.206063298682
5397,retail,False,544.5831535022556
5398,retail,False,18619.592375808053
5399,retail,False,5040.783050772729
5400,retail,False,2775.0991638972296
5401,retail,False,3295.9052283141104
5402,retail,False,5007.888052449469
5403,retail,True,9601.653499182412
5404,retail,False,1653.8645523948194
5405,retail,False,604.7162311304307
5406,retail,False,4923.514446136641
5407,retail,False,4339.889268411314
5408,retail,False,1331.6086303196112
5409,merchant,False,17940.230407272717
5410,retail,False,10560.558474758916
5411,retail,False,5059.609446630881
5412,retail,False,584.8428344714421
5413,retail,False,14978.776004067056
5414,retail,False,661.7909482363491
5415,retail,False,10417.903166650474
5416,retail,True,5243.454835857048
5417,p2p_broker,False,7684.739782885914
5418,retail,False,2172.2261034635108
5419,retail,False,986.9295873649985
5420,retail,False,7655.844100701763
5421,retail,False,2604.8927549159944
5422,retail,False,745.847542340995
5423,retail,False,4084.0910027339532
5424,merchant,False,12027.666698322999
5425,retail,False,14.591338289723701
5426,p2p_broker,False,3703.4487579615297
5427,merchant,False,8725.6510630764
5428,merchant,False,7983.862849799779
5429,retail,False,30754.64427290161
5430,retail,False,818.1275118200415
5431,retail,False,3154.467021237235
5432,retail,False,2929.856788490104
5433,retail,False,218.15326646942503
5434,retail,False,1940.7233298002632
5435,retail,False,1018.3976836038026
5436,merchant,False,35326.37916416428
5437,retail,False,13275.767107550206
5438,merchant,False,2644.7570566578306
5439,retail,False,3393.888350488708
5440,retail,True,6042.132093473036
5441,merchant,False,2400.5080332233424
5442,merchant,False,5155.4549774227
5443,retail,False,7957.013373635228
5444,p2p_broker,False,20446.216172210414
5445,retail,False,358.0454093842749
5446,merchant,False,23656.805782060477
5447,retail,False,678.3841665801145
5448,retail,False,32342.479920300342
5449,retail,False,2409.653505702422
5450,retail,False,6826.791568520577
5451,retail,False,485.78222449578595
5452,retail,True,10005.096446617097
5453,retail,False,424.50699368998886
5454,merchant,False,1607.7749194463713
5455,retail,False,1687.9266960200364
5456,retail,False,1200.4247487728853
5457,retail,True,4082.521034782122
5458,retail,False,2725.6762421690764
5459,retail,True,6920.3269842833215
5460,retail,False,4317.483425051583
5461,retail,False,11427.411811260577
5462,retail,False,2234.9185665538134
5463,retail,False,13233.390246696214
5464,retail,False,398.0455218091407
5465,merchant,False,14310.293460130448
5466,retail,False,2210.40319886961
5467,retail,True,3513.034632940992
5468,retail,False,675.7837869029307
5469,retail,False,990.2796542080283
5470,retail,False,10189.056958434314
5471,retail,False,11955.033909061383
5472,merchant,False,15039.845495154708
5473,retail,False,4224.718847554195
5474,retail,False,166.37635792858615
5475,retail,False,3643.424024380706
5476,retail,False,1783.3533055565545
5477,retail,False,32617.050433432636
5478,retail,False,100.25370899158546
5479,escrow,False,6676.938687056149
5480,retail,False,1526.3911548860444
5481,retail,False,455.35398140702034
5482,retail,True,4290.383153778727
5483,retail,False,3909.9725807978143
5484,merchant,False,844.7019357668968
5485,merchant,False,8197.664336306882
5486,merchant,False,12478.201695442118
5487,retail,False,1382.2483065832287
5488,retail,False,2503.7968258585947
5489,retail,False,757.7873566369944
5490,retail,False,3037.1634370443453
5491,retail,True,8566.552599378289
5492,retail,False,38308.82441298281
5493,retail,False,1749.2627825742923
5494,merchant,False,12702.636010506852
5495,retail,False,4154.199676324559
5496,p2p_broker,False,718.5649665134301
5497,retail,False,73.83378743687987
5498,retail,False,2311.2378536007327
5499,retail,False,21359.87003122941
5500,retail,False,2499.856412349528
5501,retail,False,12371.133631460456
5502,retail,False,4431.132425094359
5503,retail,False,2046.3296253231929
5504,merchant,False,2860.5893717016743
5505,retail,False,38687.06322694558
5506,retail,False,1424.62793290155
5507,retail,False,25311.850824858615
5508,retail,False,7463.165601879409
5509,retail,False,3704.146712570262
5510,retail,False,6056.254103528593
5511,retail,False,11157.850170499503
5512,retail,False,6787.885772670535
5513,retail,False,16516.423836327012
5514,retail,True,8167.2120345876765
5515,p2p_broker,False,511.54175847007764
5516,retail,False,2497.0965752672023
5517,retail,True,3000.270268257932
5518,retail,False,1939.4690395973462
5519,retail,False,19175.368775872656
5520,retail,False,2678.214857622502
5521,retail,False,2298.4825182302507
5522,retail,False,173.63689173084614
5523,retail,False,5151.147911785792
5524,retail,False,2355.451370828262
5525,merchant,False,6131.723159899573
5526,retail,False,2070.834845267273
5527,retail,False,1690.3142114949696
5528,p2p_broker,False,9948.053743670933
5529,merchant,False,3990.0954396910483
5530,retail,False,1010.981983151774
5531,merchant,False,544.6713746076023
5532,retail,False,136.3278115561779
5533,retail,False,5005.355723123458
5534,merchant,False,25457.920313003713
5535,retail,False,2879.099115828816
5536,retail,False,1150.6004925947486
5537,retail,True,149.4922190688173
5538,retail,False,14810.05998315836
5539,retail,False,525.8535608791549
5540,p2p_broker,False,806.9602692229114
5541,retail,True,21860.584553577246
5542,retail,False,1046.2274543626652
5543,retail,False,509.681388166764
5544,retail,False,10286.690514929844
5545,retail,False,4880.566741338655
5546,p2p_broker,False,11147.065974065175
5547,retail,False,459.26896305921684
5548,retail,True,14513.756309560282
5549,retail,False,7313.381421908172
5550,retail,False,106.82155539277053
5551,retail,True,421.7692523352943
5552,retail,False,439.65517635033774
5553,retail,False,41536.6855274851
5554,retail,False,7452.55944147104
5555,merchant,False,48167.60957585192
5556,retail,False,3494.3509080989966
5557,retail,True,2209.017733059867
5558,retail,False,3499.9942230048227
5559,retail,False,3035.7251216410054
5560,merchant,False,5735.382511590442
5561,retail,False,2757.909438937774
5562,retail,False,2040.8263426384915
5563,retail,False,194.69707258417782
5564,merchant,False,6181.265783884564
5565,retail,False,2257.461264373244
5566,retail,False,13206.67147195458
5567,retail,False,1010.5805447192467
5568,retail,False,5170.532615121015
5569,merchant,False,7076.019739768129
5570,retail,False,5077.914614751858
5571,retail,False,20984.80726471173
5572,retail,False,1790.117715689344
5573,merchant,False,7014.791752817719
5574,retail,False,1499.26926460727
5575,retail,False,2278.8495846258525
5576,p2p_broker,False,2213.1228743177385
5577,retail,False,7313.642286034757
5578,merchant,False,10153.217311604454
5579,retail,False,3577.7103007851147
5580,retail,False,5833.1393940671105
5581,retail,False,3877.005075290712
5582,retail,False,654.5211553378069
5583,retail,False,1783.0888722254615
5584,retail,False,2886.9213756342497
5585,p2p_broker,False,10033.28369018573
5586,retail,False,1367.6233458712459
5587,retail,False,11383.99296841219
5588,retail,False,1611.065390236381
5589,retail,False,6705.773361146586
5590,retail,False,33081.39410286402
5591,retail,False,5651.44524537752
5592,retail,False,13548.77279156204
5593,retail,False,5331.944234690535
5594,retail,False,16490.927781197803
5595,retail,True,3144.7881121186597
5596,merchant,False,3165.0704731755172
5597,retail,False,710.8667874377467
5598,retail,False,2590.3158592705154
5599,retail,False,13000.300842439627
5600,retail,False,11752.297837755863
5601,retail,False,6981.004695506036
5602,merchant,False,13272.455579531112
5603,merchant,False,2211.4193608488413
5604,retail,False,3459.0982235129763
5605,retail,False,7677.339963610348
5606,retail,False,1486.4581808142284
5607,retail,False,229.29616686803118
5608,retail,False,10497.179266183879
5609,retail,False,1633.4893283587112
5610,retail,False,1409.1503472728414
5611,retail,False,377.03985751971106
5612,retail,False,6.15720529331746
5613,retail,False,6038.057647211699
5614,retail,False,1729.3068898392582
5615,retail,True,977.6468147655148
5616,retail,False,4606.771383827874
5617,merchant,False,17241.537390096873
5618,retail,False,1503.4286593784332
5619,retail,False,5493.81570031597
5620,retail,True,4260.189295270628
5621,retail,False,9811.381596068439
5622,retail,False,139.04912437454763
5623,retail,False,1680.5989972607922
5624,retail,False,7389.838565957526
5625,retail,False,2751.6723322235216
5626,retail,False,1796.4296030552896
5627,retail,False,1829.928306304684
5628,retail,False,16273.216059296754
5629,retail,False,7450.5656666360555
5630,retail,False,2811.362232082642
5631,retail,False,1221.9511115714367
5632,retail,False,1130.752259458019
5633,retail,False,1990.2893239118273
5634,retail,False,1545.2803331772204
5635,retail,True,2173.379163067337
5636,retail,False,2860.0422631485353
5637,retail,False,498.82776734738184
5638,retail,False,796.5080551516814
5639,retail,True,9131.823533688163
5640,retail,False,255113.02741710868
5641,retail,False,2057.2301859753875
5642,retail,False,3842.7852708537257
5643,retail,False,681.1719112703373
5644,retail,False,6255.5482850037015
5645,retail,True,7074.602907441599
5646,retail,False,159.8150973169986
5647,retail,False,6117.92173125844
5648,retail,False,5159.244529243054
5649,retail,False,846.1818192653852
5650,merchant,False,4641.666294801077
5651,retail,False,423.2968573015994
5652,retail,False,5397.6609838819895
5653,retail,False,195.75791105162824
5654,retail,False,2559.1299813279493
5655,retail,True,8432.138106876288
5656,merchant,False,21012.710404215028
5657,retail,False,10583.9619403929
5658,retail,False,4360.498514559013
5659,retail,False,671.9508317252437
5660,retail,False,2001.828854305924
5661,retail,False,4305.624800736158
5662,retail,False,7118.09157130448
5663,retail,True,2845.721592173201
5664,retail,False,647.8519050063289
5665,retail,False,3407.2179113497973
5666,retail,False,1838.6706170926584
5667,merchant,False,5512.724092315116
5668,retail,False,8661.419861959466
5669,merchant,False,4786.285406452617
5670,retail,False,2028.1385302628544
5671,merchant,False,8592.294366803675
5672,retail,False,7057.7977215549445
5673,retail,False,2490.389680240984
5674,retail,False,2486.2545885022623
5675,merchant,False,2451.3155516715256
5676,retail,False,7647.133998249458
5677,retail,False,2621.564383409835
5678,retail,False,1402.6667724368297
5679,retail,False,924.5189631929612
5680,merchant,False,1551.1026000496934
5681,retail,False,345.4271170392044
5682,retail,False,1278.4219515915527
5683,retail,False,5273.206753739937
5684,retail,False,29232.73550749904
5685,retail,False,6627.51584290445
5686,retail,False,12335.475546394682
5687,retail,False,111.23253018587776
5688,retail,False,2009.7626650787358
5689,merchant,False,5420.7088575062135
5690,retail,False,6661.328518232009
5691,retail,True,17376.329759464505
5692,retail,False,2629.9908125360885
5693,merchant,False,40173.27426977574
5694,retail,False,55.32217434959276
5695,retail,True,2776.284920479
5696,retail,False,1886.446795733226
5697,merchant,False,18815.05447989298
5698,merchant,False,20446.91397657414
5699,retail,True,1019.2534771960202
5700,merchant,False,12681.987957585277
5701,retail,False,1922.1047399021277
5702,retail,False,1819.514870704483
5703,retail,False,5475.381254752817
5704,retail,False,3415.840631728225
5705,retail,True,2865.0273842499423
5706,merchant,False,41164.210151001054
5707,merchant,False,4555.172275388033
5708,retail,False,5221.014101775026
5709,retail,True,1844.0584288691673
5710,retail,False,3076.23058557587
5711,retail,False,7730.405139926637
5712,p2p_broker,False,5897.042624702903
5713,retail,False,2408.02287065442
5714,retail,False,947.195017367707
5715,retail,False,36536.69856615361
5716,merchant,False,31808.287508779562
5717,escrow,False,1001.4562474168242
5718,retail,False,163.5882644810367
5719,retail,False,2032.9430113658755
5720,retail,False,3420.2521730583067
5721,retail,False,12175.669273907622
5722,retail,False,2527.6599373460467
5723,merchant,False,25276.94942014438
5724,merchant,False,4321.169506154531
5725,merchant,False,17555.715009810436
5726,retail,False,4489.839676497331
5727,retail,False,10976.082399342255
5728,merchant,False,23765.430548324424
5729,retail,False,6956.96849795208
5730,retail,True,26333.385730692182
5731,merchant,False,10316.032673278138
5732,retail,True,1600.417486545404
5733,merchant,False,19570.75172524568
5734,retail,False,2491.0244112566775
5735,p2p_broker,False,9291.483707379575
5736,retail,False,22605.85982924934
5737,retail,False,4511.793678353146
5738,merchant,False,26023.82808773493
5739,retail,False,3781.394947210498
5740,retail,False,2290.381913658874
5741,retail,False,6515.389730762676
5742,retail,False,4761.648815817656
5743,merchant,False,45254.90299763301
5744,retail,False,6410.555782900878
5745,retail,False,2257.263250409447
5746,retail,False,830.1858401559895
5747,p2p_broker,False,534.0219060589707
5748,p2p_broker,False,1712.6885576083741
5749,p2p_broker,False,1901.2967959911002
5750,retail,False,1802.9716563181348
5751,retail,False,10866.996313236417
5752,retail,False,4240.471712495562
5753,retail,True,2791.6645713110192
5754,retail,False,2111.053033416996
5755,retail,False,448.16241552608096
5756,retail,True,892.7098552176936
5757,retail,False,9182.88760017542
5758,retail,False,1363.213061738319
5759,retail,False,1800.8807385970965
5760,retail,False,480.59166460456225
5761,merchant,False,15106.36007941968
5762,retail,False,91.52234514748665
5763,merchant,False,3329.8852299989044
5764,retail,False,425.7049415860879
5765,retail,False,7505.837458293566
5766,retail,False,169.54829280413784
5767,retail,True,33290.984606447484
5768,retail,False,4133.029286005249
5769,retail,False,14079.903044625034
5770,merchant,False,7416.725344385215
5771,merchant,False,42420.48271546985
5772,retail,False,5927.200626254189
5773,retail,False,1222.3061297379843
5774,retail,False,169.03486415428935
5775,retail,False,2268.2731999816233
5776,retail,False,28507.091595788712
5777,retail,False,8869.792614346341
5778,retail,True,4717.900037883354
5779,retail,False,10937.693764946987
5780,escrow,False,2957.0800502649718
5781,escrow,False,4392.461286171987
5782,retail,False,1394.2365436952189
5783,merchant,False,4280.711569253117
5784,retail,False,4100.666696981609
5785,retail,False,3193.8658670362065
5786,merchant,False,4879.887542471077
5787,merchant,False,7531.92559176318
5788,merchant,False,1567.789883433029
5789,retail,False,3258.31656992875
5790,merchant,False,20313.783577221373
5791,retail,False,122.62773869364182
5792,retail,False,1440.0230422466932
5793,retail,False,78.51062597634686
5794,retail,False,3555.935584540854
5795,retail,False,252.8123709794171
5796,retail,False,1488.8763558824414
5797,merchant,False,11419.510873016461
5798,retail,False,1524.9673231609484
5799,retail,False,5281.705871234659
5800,retail,False,849.8407345655523
5801,retail,False,467.41863010199773
5802,retail,False,10516.16515681258
5803,retail,False,12758.807162313347
5804,retail,False,261.4141585984087
5805,retail,True,5519.720857029929
5806,retail,False,2815.3761636388595
5807,merchant,False,13118.214063942953
5808,retail,True,1998.4060370560144
5809,retail,True,2171.4727470413186
5810,retail,False,744.8057604368713
5811,retail,False,5214.809343451259
5812,retail,False,5668.29889663586
5813,retail,False,8962.957739180001
5814,retail,False,2440.587992413178
5815,retail,False,2523.648421177991
5816,retail,False,9440.810968288846
5817,retail,False,75.12031260346473
5818,retail,False,6977.71855012693
5819,retail,True,6611.462096900542
5820,retail,False,4622.482168444503
5821,merchant,False,4802.502030401556
5822,retail,False,356.7291888243315
5823,retail,False,741.982783140638
5824,retail,False,14736.498286728967
5825,retail,False,7546.074786588042
5826,retail,True,541.6708938137295
5827,retail,False,5172.806600986257
5828,retail,False,1143.1160252567595
5829,retail,False,1334.7331988637072
5830,retail,False,120.50753714022123
5831,retail,False,5286.468618413281
5832,retail,False,1782.1481993546454
5833,retail,False,6731.636353585917
5834,retail,True,17683.75132296453
5835,retail,False,1125.4022342211865
5836,merchant,False,1771.800469670933
5837,retail,False,261.24678457143955
5838,retail,False,3033.7570475068756
5839,retail,False,3502.5438152921956
5840,retail,False,4420.310556936173
5841,retail,False,3226.05060554424
5842,retail,False,3621.5221345426235
5843,retail,False,4371.934178228943
5844,retail,False,915.7555919306899
5845,merchant,False,3854.9793988057654
5846,merchant,False,2392.8400869103134
5847,retail,True,2317.975417143167
5848,retail,False,2657.348156051548
5849,retail,False,3453.159097274391
5850,escrow,False,2093.6965546171814
5851,merchant,False,10425.015436758018
5852,retail,False,831.5829532409637
5853,retail,False,1015.8723039965818
5854,retail,False,5859.5979541708175
5855,merchant,False,23092.931629830473
5856,retail,True,1592.0097423541224
5857,retail,False,3465.1607414786968
5858,retail,True,3550.7814431521233
5859,retail,False,1572.5247200296394
5860,retail,False,2134.878817589973
5861,retail,False,7537.321070365244
5862,retail,False,4498.912642755538
5863,retail,False,2121.023800596234
5864,retail,False,5128.707894413942
5865,retail,False,5250.930692476869
5866,merchant,False,200.96385173048134
5867,retail,False,1938.6286814042214
5868,retail,False,5479.342900042938
5869,retail,False,3306.6310804087766
5870,retail,False,590.7337937043847
5871,retail,True,1686.9801103743457
5872,retail,False,6239.8984805360105
5873,retail,True,2350.3301770615303
5874,retail,False,43.277936769639126
5875,retail,False,19282.982855426973
5876,retail,True,683.6777286203129
5877,retail,False,3101.2236022727243
5878,retail,False,5341.582875226906
5879,retail,False,7291.691631372703
5880,retail,False,3660.9810668466175
5881,retail,True,3583.273768276865
5882,retail,False,1406.4237923919218
5883,p2p_broker,False,3796.8243060202794
5884,retail,False,5268.985912921513
5885,retail,True,2236.0916595920853
5886,retail,False,4042.5737312068572
5887,retail,False,7954.439427966807
5888,merchant,False,5042.057320201854
5889,retail,False,190.32758672525242
5890,p2p_broker,False,2222.866033807166
5891,retail,False,1078.9380795299496
5892,retail,False,4003.7584691570146
5893,merchant,False,6537.539075190939
5894,retail,False,2180.1756918678334
5895,retail,False,154.62937850145556
5896,retail,False,10285.712989986176
5897,merchant,False,1046.5506632953347
5898,retail,False,2479.0444292812736
5899,retail,False,673.4966503646679
5900,merchant,False,12593.217104927904
5901,retail,False,6095.766648439074
5902,retail,False,8001.1741375256515
5903,retail,False,4587.18717093223
5904,retail,False,8852.893846432476
5905,merchant,False,53120.961051334205
5906,retail,False,14229.38717311434
5907,retail,False,3893.0620942894507
5908,retail,False,2421.6430965894656
5909,retail,False,3768.1571421118083
5910,p2p_broker,False,5179.206638576245
5911,retail,False,12201.675502884213
5912,retail,False,1133.6168906630216
5913,retail,False,782.90978733351
5914,retail,False,2393.708480078613
5915,retail,False,6006.879111196104
5916,retail,False,10683.837034961716
5917,retail,False,1915.5382011366785
5918,merchant,False,7694.417171794351
5919,retail,False,3029.662761114896
5920,retail,False,5442.289020165175
5921,retail,False,355.09063352912744
5922,retail,True,1064.6698520640246
5923,retail,True,3907.068093324227
5924,retail,False,539.8179259377799
5925,retail,False,513.700083612528
5926,merchant,False,6425.517180862973
5927,merchant,False,8509.451682518338
5928,merchant,False,5496.022423980435
5929,retail,False,1933.3772548853792
5930,escrow,False,250.4670065550904
5931,retail,False,13685.688692059102
5932,retail,False,134.94653023843017
5933,retail,False,795.8911499532827
5934,retail,True,19869.027363403293
5935,retail,False,6653.331086390901
5936,retail,False,204.88973022007747
5937,retail,False,267.6754748418455
5938,retail,False,1693.8703290905225
5939,merchant,False,13850.253477166088
5940,retail,False,1435.8940754412993
5941,retail,False,1443.3642722012364
5942,retail,False,3363.952241170962
5943,merchant,False,18730.536057504665
5944,retail,False,12706.309374070564
5945,retail,False,3449.1794411752644
5946,retail,False,1916.733208263709
5947,retail,True,9608.269400002662
5948,retail,False,12577.30409795095
5949,retail,False,1244.0947943890583
5950,retail,False,5645.641852504241
5951,retail,False,162.470460851624
5952,retail,False,3747.9805974279116
5953,retail,False,19301.03927995921
5954,retail,False,2895.9265940419104
5955,retail,False,3615.674956705038
5956,retail,True,10165.774217360846
5957,retail,False,2375.5272661232602
5958,retail,False,1427.7215249873043
5959,retail,True,9622.355909856964
5960,retail,False,4197.281712024605
5961,retail,False,2925.724579102571
5962,retail,False,5242.918719167115
5963,retail,False,5424.035571170549
5964,retail,False,2636.2917176432866
5965,retail,True,7433.851342709489
5966,retail,False,61.41648097718914
5967,retail,False,6462.2114901775685
5968,retail,False,8402.031823161225
5969,retail,False,3940.4186122101096
5970,retail,False,4486.4107115802335
5971,retail,False,1457.1499144392426
5972,retail,False,2910.401413830569
5973,escrow,False,5897.8247512291855
5974,p2p_broker,False,12170.135722635192
5975,retail,False,5797.641252258434
5976,retail,False,872.1968788803262
5977,retail,False,6576.967171154664
5978,retail,False,9487.768683867165
5979,retail,False,595.1459000509966
5980,retail,False,131.45782544169188
5981,retail,False,187.15558463652133
5982,merchant,False,7522.814108819673
5983,retail,False,3908.3280997662205
5984,retail,False,10670.922396905593
5985,retail,False,6768.519275083385
5986,retail,False,4516.163483179987
5987,retail,False,5627.08379646913
5988,p2p_broker,False,9379.90717334312
5989,retail,False,441.52960004178976
5990,retail,False,1514.6568650814302
5991,retail,False,2337.3716031827944
5992,p2p_broker,False,14339.39198664767
5993,merchant,False,3239.6928154477373
5994,retail,True,6591.7174507490545
5995,retail,True,1682.948974583311
5996,retail,False,4972.706079642536
5997,merchant,False,34868.10134568036
5998,merchant,False,19263.486126936823
5999,merchant,False,35203.13370052049
6000,retail,False,1452.9897097114062
6001,retail,False,254.96808451329184
6002,retail,False,13101.68595075671
6003,retail,False,302.0191936094833
6004,retail,False,2221.1848186697657
6005,retail,False,34.07963748830444
6006,retail,True,4548.685227395612
6007,merchant,False,1038.6578861914945
6008,retail,False,3603.0754227723846
6009,merchant,False,10646.879055564785
6010,retail,False,1463.8830273597775
6011,retail,False,1081.9153809203267
6012,retail,False,14252.962304016957
6013,retail,False,4669.018381565174
6014,retail,False,14726.575333344812
6015,retail,False,13439.87660613334
6016,retail,True,1551.6869678740372
6017,merchant,False,15382.54006013062
6018,retail,False,1038.9828387362456
6019,merchant,False,2545.230856262529
6020,p2p_broker,False,2400.841002760013
6021,merchant,False,5980.842945000077
6022,retail,False,1403.7030071408387
6023,merchant,False,14236.06765673234
6024,merchant,False,12434.773769842
6025,merchant,False,8272.91425768382
6026,retail,False,2292.167342712659
6027,retail,False,1382.6430138803146
6028,merchant,False,1213.2779999223446
6029,retail,False,186.8976920459329
6030,retail,False,3276.5231265772063
6031,retail,False,4509.353190638606
6032,retail,False,2676.467357677407
6033,retail,False,8964.795949712037
6034,escrow,False,731.8093731698682
6035,merchant,False,1867.1202520933496
6036,merchant,False,3247.060761313831
6037,retail,False,12451.537517976956
6038,retail,False,3659.5649882964517
6039,retail,False,6548.152416539493
6040,retail,False,170.01251640448461
6041,retail,True,3564.146300546108
6042,retail,False,783.1558068269509
6043,escrow,False,995.2202684178369
6044,retail,False,464.5016342933113
6045,retail,False,1695.3070099357917
6046,retail,False,4818.445353458951
6047,retail,True,7.65887601707
6048,retail,False,7196.578689667081
6049,retail,False,5883.305953234519
6050,retail,False,1271.7030588516204
6051,retail,False,533.7672576386512
6052,merchant,False,18196.435037028616
6053,retail,False,5505.745588305223
6054,retail,False,639.5421403452922
6055,retail,False,4508.384206771705
6056,retail,False,776.7758807664695
6057,retail,False,68.36037671748018
6058,merchant,False,3990.967700692104
6059,merchant,False,11267.702903742449
6060,retail,False,16827.46052018932
6061,retail,False,125.855303206953
6062,retail,True,4733.053150749377
6063,retail,False,5358.356090720917
6064,retail,False,1722.6679556681538
6065,merchant,False,21686.817842812277
6066,retail,False,2212.2754183679217
6067,retail,False,1484.0372336383782
6068,retail,False,2205.65902223542
6069,retail,False,1587.466492262416
6070,merchant,False,1044.0991701357423
6071,retail,False,8920.085215647745
6072,retail,False,7283.208161858661
6073,retail,True,8073.404168606031
6074,merchant,False,35128.252617870894
6075,retail,False,934.7219568076925
6076,retail,False,837.6472265213379
6077,retail,False,3962.0074219932394
6078,retail,False,4072.975000438413
6079,merchant,False,18699.87338365796
6080,retail,False,390.72857736498986
6081,retail,False,5652.343314737922
6082,retail,False,9837.12062730975
6083,retail,False,15.690552614895907
6084,retail,False,970.8168650404081
6085,merchant,False,11703.32748245672
6086,retail,False,450.8691866565398
6087,retail,False,5677.090677767183
6088,retail,False,3041.1073295227834
6089,retail,False,5265.937458116558
6090,retail,False,3264.174900877131
6091,retail,False,306.84771002465607
6092,retail,False,1201.701207865056
6093,retail,True,5719.095151298317
6094,p2p_broker,False,5217.491419509414
6095,retail,False,7808.625001465903
6096,retail,False,5271.812818020535
6097,retail,False,6962.532367618809
6098,retail,False,3311.95380192564
6099,retail,False,1.6709744392638974
6100,retail,False,2350.8885016326785
6101,retail,False,9015.767338934671
6102,merchant,False,10198.714332434378
6103,merchant,False,57053.49855444627
6104,retail,False,2081.2578516586696
6105,p2p_broker,False,2226.2453634544554
6106,p2p_broker,False,7155.852198561013
6107,retail,False,14287.896297882931
6108,retail,False,505.4674894302242
6109,retail,False,11429.68776468672
6110,retail,False,3636.964086338612
6111,retail,False,791.1287323790534
6112,retail,False,17914.344977194265
6113,p2p_broker,False,1368.3380438881613
6114,retail,True,10899.87698450801
6115,retail,False,12899.544078636436
6116,retail,False,1032.3245318883598
6117,retail,False,58158.05111378311
6118,merchant,False,3987.1434099032313
6119,retail,False,5512.519734016892
6120,retail,False,6524.828683021751
6121,retail,False,1059.6840097709578
6122,retail,False,1173.8627782270808
6123,retail,False,2004.9265717947071
6124,retail,True,1807.6573861271409
6125,retail,False,904.4418491206244
6126,retail,False,7151.600926155723
6127,retail,False,158.71631225602476
6128,retail,False,25845.37703266906
6129,retail,False,1562.5863959661883
6130,retail,False,1116.7236114775294
6131,retail,False,10055.294559779793
6132,retail,False,4757.720493113979
6133,retail,False,18915.63997107326
6134,retail,False,3454.5280896239174
6135,retail,False,6952.659184514056
6136,p2p_broker,False,3375.607299983243
6137,retail,False,2193.1946590615553
6138,retail,False,416.6333001854978
6139,retail,False,17339.01740505048
6140,retail,False,3912.9070409788915
6141,retail,False,11470.575835705471
6142,retail,False,261.3459223592657
6143,retail,True,5565.164111803067
6144,retail,False,10190.196573704441
6145,retail,False,8760.500606526357
6146,retail,False,4334.113924039814
6147,retail,False,4335.397399166054
6148,merchant,False,2727.522285025632
6149,retail,False,7594.686063667276
6150,merchant,False,9843.173794346596
6151,retail,False,2089.6186749349604
6152,retail,True,11247.701142774704
6153,retail,False,2029.128006715358
6154,retail,False,10378.993198076849
6155,retail,False,2591.9006397029157
6156,retail,False,494.03250777583446
6157,retail,False,4788.357865213505
6158,retail,False,3468.796505729379
6159,merchant,False,5698.219321670648
6160,retail,True,2289.436781319857
6161,retail,False,3769.646285005662
6162,retail,False,20.408721541346836
6163,retail,True,6002.460223040312
6164,merchant,False,15328.01061544963
6165,retail,True,1555.691083199438
6166,retail,False,220.29087594131843
6167,retail,False,8195.82770815532
6168,retail,False,88.05200951587534
6169,retail,False,1822.3207753375957
6170,p2p_broker,False,12509.530253714463
6171,retail,False,2453.0249252275203
6172,retail,False,144.45050338182676
6173,retail,False,7321.252578575803
6174,retail,False,2485.969824711783
6175,escrow,False,3776.6900155067005
6176,retail,True,3724.606474729006
6177,retail,True,4076.085322676424
6178,retail,False,2177.3758363327233
6179,retail,True,4676.11756851502
6180,retail,False,5106.5649005161
6181,retail,True,37487.71184554206
6182,merchant,False,1402.5533862409968
6183,retail,False,1516.100298516554
6184,retail,False,14900.320118803806
6185,retail,False,4349.227130608149
6186,retail,False,2415.6440165713902
6187,retail,False,3386.207379171951
6188,retail,False,1629.5341165736522
6189,retail,False,973.2756839007629
6190,merchant,False,13908.84914629197
6191,retail,False,1799.0424459819792
6192,retail,False,2457.176829663009
6193,retail,False,1.0129365936459465
6194,retail,False,6820.682097390934
6195,retail,False,5186.678277300976
6196,retail,False,13434.950217186757
6197,retail,False,8902.850863971633
6198,retail,False,2756.4669848651865
6199,p2p_broker,False,731.9998480227309
6200,retail,True,13739.257924215215
6201,retail,True,1665.6463864871166
6202,retail,False,2788.683839378443
6203,retail,True,4606.702290761646
6204,retail,False,9891.103813998676
6205,retail,False,9931.755815984412
6206,retail,False,7233.418550356975
6207,retail,False,2784.287089255142
6208,retail,False,2705.0735123415657
6209,merchant,False,11529.096805421563
6210,retail,False,3174.4529435376894
6211,retail,False,2693.5256618484577
6212,retail,False,727.3472201528944
6213,retail,False,7558.785066184105
6214,retail,False,9913.593351709524
6215,retail,False,116.56367875280978
6216,retail,False,1694.0552279942222
6217,retail,False,413.4869070439415
6218,retail,False,30.914806993769247
6219,retail,False,2930.8903553260075
6220,retail,False,36.69733713106943
6221,retail,False,28.126401477403164
6222,retail,False,302.0416904055374
6223,retail,False,29776.53229331633
6224,retail,False,801.2031686710296
6225,retail,False,4490.00178845534
6226,retail,False,7640.200733662019
6227,retail,False,2562.391251489804
6228,retail,False,5876.917571175862
6229,retail,False,5053.022366459538
6230,merchant,False,13914.082279261964
6231,retail,True,10708.771965689744
6232,merchant,False,3974.4909726387064
6233,retail,False,7574.608979168061
6234,retail,True,11329.731216679946
6235,retail,False,1405.496191225181
6236,retail,True,1099.2593948486183
6237,retail,True,6308.9638580213905
6238,merchant,False,11236.947890638994
6239,retail,False,1433.012870818721
6240,retail,False,6981.1105699863565
6241,retail,False,1522.907530071109
6242,retail,False,5790.038252078881
6243,retail,False,7038.629806706547
6244,retail,False,319.2012013428117
6245,retail,True,2840.384020273158
6246,merchant,False,503.672285901117
6247,p2p_broker,False,8738.881393271784
6248,retail,False,2020.5011270202763
6249,retail,False,5412.895974929999
6250,merchant,False,16721.242887467604
6251,retail,False,3375.777528106142
6252,retail,False,798.5951861396487
6253,retail,False,2434.86612918697
6254,merchant,False,27746.882453837512
6255,merchant,False,32042.173045040003
6256,retail,True,10738.622281958895
6257,retail,False,2146.1397906631905
6258,retail,False,1750.2995559820342
6259,retail,False,10884.591853833484
6260,merchant,False,7966.838202190452
6261,retail,False,3159.691971855235
6262,retail,False,1924.941542660322
6263,retail,False,5715.753121562675
6264,retail,False,14872.367548398246
6265,merchant,False,28746.40385906027
6266,retail,False,2743.2117352781584
6267,merchant,False,27827.017704931946
6268,retail,True,3708.38274645775
6269,retail,False,1155.1263466204605
6270,retail,False,6509.580559933798
6271,retail,False,3237.4805374671587
6272,retail,True,5953.160687114143
6273,retail,False,9120.577373179487
6274,retail,False,4635.673787984938
6275,retail,False,4882.6590926525305
6276,retail,False,1142.6758194288768
6277,retail,False,2030.7722004895495
6278,retail,False,8922.369670601
6279,retail,False,7131.890737695969
6280,retail,False,2266.627813863881
6281,retail,False,344.73585833490256
6282,retail,False,6915.67146197462
6283,retail,False,12375.892013819725
6284,merchant,False,4099.854370941508
6285,retail,False,9338.049282126385
6286,retail,False,2782.655409019644
6287,p2p_broker,False,4997.619791488141
6288,retail,False,1326.1277520036326
6289,merchant,False,19735.639256231796
6290,retail,False,4446.647039977382
6291,merchant,False,32662.603405909405
6292,merchant,False,719.7167130012185
6293,escrow,False,2371.6800375939974
6294,retail,True,1453.9134118170034
6295,retail,False,106.98767709071666
6296,merchant,False,11323.540664959055
6297,retail,False,4770.087268394633
6298,retail,False,5053.462413094346
6299,p2p_broker,False,5580.531860427469
6300,retail,False,7526.998851593238
6301,retail,False,900.4594392563266
6302,retail,True,402.3746169826354
6303,retail,False,1986.2979392983607
6304,retail,False,10678.233713240335
6305,retail,False,4058.9974291226004
6306,retail,False,1068.9253093560094
6307,merchant,False,32740.81832708534
6308,retail,False,3154.3855736718515
6309,retail,False,1.7318025314575678
6310,retail,False,12381.32032135726
6311,merchant,False,8595.2834970494
6312,p2p_broker,False,217.22683412636525
6313,retail,False,667.029606273508
6314,retail,False,401.9307979431387
6315,retail,False,13272.615307828171
6316,retail,False,5646.5909619381655
6317,retail,True,4811.940040970505
6318,retail,True,4988.902679820024
6319,retail,False,422.6225318544864
6320,retail,False,4878.712847284399
6321,retail,False,4422.857672213983
6322,merchant,False,6352.1556746374235
6323,retail,False,9400.987116670862
6324,retail,True,1353.1941608908337
6325,retail,False,12179.072730794334
6326,merchant,False,879.7610913210302
6327,retail,False,4441.924995886776
6328,retail,False,3643.343476548929
6329,retail,False,2560.5359571211843
6330,retail,True,1535.7099811458756
6331,p2p_broker,False,1213.703302954385
6332,retail,False,2520.963542274316
6333,retail,False,4527.911906956166
6334,retail,True,4394.2968845565
6335,retail,True,3731.683837887388
6336,retail,False,59.395992629873234
6337,retail,False,1892.9764105072275
6338,retail,False,11559.156194786725
6339,retail,False,1703.1271159498642
6340,merchant,False,10080.502924473269
6341,merchant,False,10849.278027393402
6342,merchant,False,7319.17759592747
6343,retail,False,79.19775948258457
6344,retail,False,4231.178086807506
6345,retail,False,490.93993012456565
6346,p2p_broker,False,159.7971826287544
6347,retail,False,4597.487908972508
6348,retail,False,2946.7527200851655
6349,retail,False,786.9498259028389
6350,retail,False,72918.60117931075
6351,merchant,False,21257.384929291096
6352,retail,False,2875.1352179401483
6353,retail,True,9895.083135305407
6354,retail,True,5309.707949338235
6355,retail,False,3192.451517338118
6356,retail,False,10206.966109134206
6357,merchant,False,1024.2258655177154
6358,retail,False,3929.167989234233
6359,retail,False,1408.6655541255543
6360,retail,False,62869.77231067557
6361,retail,False,15509.82098959682
6362,retail,False,8418.568934596196
6363,retail,False,11958.16975608365
6364,merchant,False,4577.405257400408
6365,retail,False,1730.1871558879006
6366,retail,True,6529.368683829789
6367,retail,False,13240.153438604928
6368,retail,False,4735.183653624351
6369,retail,False,599.9087689842571
6370,merchant,False,5287.117279416049
6371,retail,False,1764.3353357311667
6372,p2p_broker,False,8525.348860921238
6373,retail,False,6160.614329466658
6374,retail,True,14076.767620756686
6375,retail,False,3202.168528950554
6376,retail,False,14032.066132224578
6377,merchant,False,19433.758312180413
6378,retail,False,3355.379367250823
6379,retail,False,6332.628187201935
6380,retail,False,4939.521389288835
6381,merchant,False,14447.890584794068
6382,retail,True,15983.386943569169
6383,retail,False,9610.05436433394
6384,retail,False,3658.667103282786
6385,merchant,False,2094.2895182093916
6386,retail,False,2989.9324370184295
6387,retail,False,2710.82295672348
6388,p2p_broker,False,9353.117338364085
6389,retail,False,5501.392269011802
6390,retail,False,1616.3301788632011
6391,retail,True,2858.861116460792
6392,retail,False,4547.521356527069
6393,retail,False,1281.7969418032903
6394,retail,False,4597.881661498319
6395,retail,False,2198.368403385989
6396,retail,False,467.2148496823814
6397,retail,True,6089.240507638584
6398,retail,False,11490.608404083174
6399,merchant,False,1745.9116980589506
6400,retail,False,2889.1763137674625
6401,retail,False,1069.131817477132
6402,retail,False,371.69458579823976
6403,retail,False,2537.2618074165425
6404,retail,False,1717.5110365554985
6405,retail,False,3343.478907585361
6406,p2p_broker,False,2083.36627596288
6407,retail,False,2056.3689281810666
6408,retail,False,2262.4930945970405
6409,retail,True,3628.2469608083065
6410,retail,False,2396.1178847841247
6411,retail,False,14216.483687349568
6412,retail,False,475.433112575161
6413,merchant,False,22148.869468568417
6414,retail,False,2472.6115216886137
6415,retail,False,2966.027181213925
6416,retail,True,3550.8104092902854
6417,retail,False,5995.559834238937
6418,merchant,False,14244.408303033573
6419,retail,False,4303.045081622216
6420,retail,False,493.75214049316264
6421,retail,True,1781.6275492736108
6422,retail,False,6919.587363743226
6423,retail,False,20558.64862948573
6424,retail,False,874.9090775824812
6425,retail,False,35.074411948559955
6426,retail,False,1163.5945087941063
6427,retail,False,5874.74550201228
6428,retail,False,9520.144030858071
6429,retail,False,2163.442643645078
6430,retail,True,7623.186964439488
6431,retail,False,227.63887656262796
6432,retail,False,1492.2422687578724
6433,merchant,False,7899.262408409019
6434,retail,True,184.18722359759224
6435,retail,False,2776.6593046794715
6436,retail,False,5515.256062382559
6437,retail,False,7179.286416736748
6438,merchant,False,43901.22814226107
6439,retail,False,1635.8814243747338
6440,retail,False,634.5898326091345
6441,merchant,False,34338.56114377265
6442,merchant,False,63109.12133951353
6443,merchant,False,18275.546641391113
6444,retail,False,4399.750542287517
6445,retail,False,2892.5055103667405
6446,retail,False,30654.85375011329
6447,retail,False,150.01552874355534
6448,retail,False,1164.7141819195413
6449,retail,False,553.0565039483454
6450,retail,True,2198.9558609692294
6451,retail,False,6590.558236098284
6452,retail,False,23610.661885891182
6453,retail,False,853.8902853428963
6454,retail,False,1063.4652427153894
6455,retail,False,2822.8184510474425
6456,retail,False,1908.5000840144764
6457,retail,False,9879.027495702689
6458,retail,False,1731.2033293844243
6459,retail,False,2648.6135600272055
6460,retail,False,2292.782647784903
6461,retail,False,3568.7186676298174
6462,retail,False,5484.489662111628
6463,retail,False,4963.667319132118
6464,retail,False,733.7009274299522
6465,merchant,False,12407.87455907861
6466,retail,False,16404.115019295536
6467,retail,False,359.7765338406465
6468,p2p_broker,False,17672.66985905877
6469,merchant,False,10378.908663766984
6470,retail,False,2923.202209078183
6471,retail,False,2455.834013362151
6472,escrow,False,3491.0440908452674
6473,retail,False,8374.860155331255
6474,retail,False,590.201772212633
6475,retail,False,3256.330740829591
6476,retail,False,404.3052505806179
6477,retail,False,229.91543461134694
6478,retail,False,4178.844951449206
6479,retail,False,3260.8674333938857
6480,retail,True,15911.560570001748
6481,retail,False,1485.6142025825854
6482,merchant,False,5734.997725608133
6483,retail,True,1734.981632974323
6484,p2p_broker,False,2955.2620539771615
6485,merchant,False,1024.558940372306
6486,retail,False,2054.5852551461953
6487,retail,False,3893.226445270468
6488,retail,False,1680.1894857796617
6489,escrow,False,1342.8809499311924
6490,retail,False,5292.9549731134275
6491,retail,False,7479.75543523606
6492,merchant,False,12580.708745263188
6493,retail,False,68.41331163067014
6494,merchant,False,26893.660358346286
6495,retail,False,123.89658960332542
6496,retail,False,10222.96508548028
6497,retail,False,2896.079791016037
6498,retail,True,11976.123284872183
6499,retail,False,6507.891141465503
6500,merchant,False,1455.7856626666407
6501,retail,False,7455.106591392038
6502,retail,True,3314.087741078744
6503,merchant,False,11939.43206364936
6504,retail,False,2219.4979746369245
6505,retail,False,2060.947571050322
6506,merchant,False,9061.617719251291
6507,retail,True,1904.0563262808291
6508,retail,False,1484.0785711448723
6509,retail,False,1020.8300372845817
6510,retail,True,23833.097601930454
6511,retail,False,3516.3237402660634
6512,retail,False,8489.026657495664
6513,retail,False,11212.058681336257
6514,retail,False,1958.923126423371
6515,retail,False,10339.947197155952
6516,retail,False,6082.219495663161
6517,retail,False,2137.7057803690213
6518,retail,False,6015.906606559422
6519,retail,False,2364.1363316424718
6520,p2p_broker,False,18586.92714837846
6521,retail,False,147.31908126593476
6522,retail,False,9616.277896826865
6523,retail,False,380.47626341151215
6524,retail,False,21207.170602452577
6525,escrow,False,4965.501099445062
6526,retail,False,1293.8585114807684
6527,retail,False,15.861091520936654
6528,retail,False,8558.244813719088
6529,retail,False,69.25031958812542
6530,retail,False,2552.7157919281085
6531,escrow,False,13649.719907171522
6532,retail,False,2185.867271553494
6533,retail,False,7097.839739420639
6534,retail,False,6544.920364706454
6535,retail,False,7512.206948116801
6536,retail,False,2031.8773936835285
6537,retail,False,7111.236361749325
6538,retail,False,18856.685732727678
6539,retail,False,8447.401230517713
6540,merchant,False,19166.59816855274
6541,retail,False,2380.0726297126407
6542,merchant,False,5403.972802108779
6543,retail,False,5.4828067196353345
6544,retail,True,40.85288532301995
6545,merchant,False,30612.986404892345
6546,retail,False,44.06939077899969
6547,retail,False,187.39478012065246
6548,retail,False,1353.5096629477137
6549,retail,False,4260.593947662016
6550,merchant,False,24289.388959536776
6551,retail,False,1809.5652109394107
6552,merchant,False,1436.6926709775937
6553,retail,False,1972.8754102827907
6554,retail,False,2236.901920084234
6555,retail,False,9238.300224365496
6556,merchant,False,13705.011566233241
6557,retail,True,25533.95140530176
6558,merchant,False,14871.445684553408
6559,retail,False,116.42808411600166
6560,retail,False,1229.0893106314397
6561,retail,True,10454.827059988815
6562,retail,False,9290.048357740397
6563,merchant,False,4756.497083850055
6564,retail,True,6021.130278159982
6565,retail,False,8757.019458658555
6566,retail,False,5762.478106540365
6567,retail,False,4382.168464387788
6568,retail,False,2539.193794926673
6569,merchant,False,26033.36851024386
6570,retail,True,8278.991163359648
6571,retail,True,3477.830152611098
6572,retail,True,3583.16871510159
6573,retail,True,1291.1185464216105
6574,retail,False,1952.3019918647788
6575,retail,True,18659.811424215804
6576,retail,False,1161.2295074553058
6577,retail,False,2950.9632789317325
6578,p2p_broker,False,998.8799321802217
6579,p2p_broker,False,3550.5248357524392
6580,merchant,False,1778.0850341112337
6581,retail,False,982.1765977890767
6582,retail,False,2043.2693357943663
6583,retail,False,3660.805097234069
6584,retail,False,139.7668330591104
6585,retail,False,2009.0595308346456
6586,retail,False,363.2954410143824
6587,p2p_broker,False,1564.7754329608456
6588,merchant,False,11333.57834087791
6589,retail,False,13235.07294773123
6590,retail,False,982.4997196296745
6591,retail,False,5377.173518535005
6592,retail,False,247.90990712351325
6593,merchant,False,23881.14209788937
6594,escrow,False,8906.759981172208
6595,retail,False,744.6058945095043
6596,retail,True,6313.596363736939
6597,retail,False,2101.651805244169
6598,retail,False,1811.9201556766395
6599,retail,False,3829.0356960293866
6600,retail,False,1892.4641296975644
6601,retail,False,3801.9507287611987
6602,retail,False,3267.5095252411393
6603,retail,False,56.81535489272835
6604,retail,False,922.2456731698096
6605,retail,False,1672.9815108926841
6606,merchant,False,2653.866456427985
6607,retail,False,3508.42250649148
6608,retail,False,5159.622341193054
6609,retail,True,2652.135579140126
6610,retail,False,9542.733367126806
6611,retail,False,5983.9569095701145
6612,retail,False,8196.88891138163
6613,retail,True,9826.440481316855
6614,p2p_broker,False,3961.3813743821934
6615,retail,False,6167.285113773846
6616,retail,False,198.41978180656128
6617,merchant,False,1826.4608482096364
6618,retail,False,687.333252822834
6619,retail,False,800.3963870064207
6620,merchant,False,8767.296900669411
6621,retail,False,606.9267176871612
6622,retail,True,9494.299066725922
6623,retail,False,885.0934231318244
6624,retail,False,20258.435650849267
6625,merchant,False,16391.290116497887
6626,retail,False,2145.860258401398
6627,retail,False,2210.7020752760395
6628,retail,False,0.6664827242827318
6629,retail,False,227.67022751030308
6630,retail,False,12379.30341571729
6631,retail,False,5286.875982654682
6632,merchant,False,4338.3093022349785
6633,retail,False,4117.583182652423
6634,retail,False,5750.087635954385
6635,retail,False,14585.01965253675
6636,retail,False,1418.4285144131545
6637,retail,False,683.7475954380906
6638,retail,False,4433.947890712522
6639,retail,False,5482.0339627187295
6640,retail,True,1870.3937983690432
6641,merchant,False,6816.515282862814
6642,retail,False,6035.088893124558
6643,retail,True,1730.2612493568954
6644,retail,False,3827.741087265845
6645,retail,False,5012.748405565546
6646,retail,False,554.4927963465724
6647,retail,False,3200.4911006554125
6648,merchant,False,14335.38653719746
6649,retail,True,527.0931310232845
6650,retail,False,4760.367629664543
6651,p2p_broker,False,3397.9700890112736
6652,retail,True,2567.362787263874
6653,retail,False,12738.936426301761
6654,retail,False,10217.122436208669
6655,retail,False,3077.5857136764926
6656,retail,False,3646.3910425841123
6657,p2p_broker,False,3585.649461799853
6658,retail,True,4057.161488040015
6659,retail,False,3458.2683319575995
6660,retail,False,4005.7094916403807
6661,merchant,False,745.0001815948465
6662,retail,False,2397.7183897524387
6663,merchant,False,385.4492208389342
6664,retail,False,7028.200106057152
6665,retail,False,18584.56346976366
6666,merchant,False,19386.3517068284
6667,retail,False,1688.1547319294198
6668,retail,False,1512.560843327542
6669,merchant,False,6388.74668612814
6670,retail,False,5830.084930979003
6671,retail,False,3504.4794530208687
6672,retail,False,6773.600940187226
6673,retail,True,638.7668939271956
6674,retail,False,447.50142082055424
6675,retail,True,600.491178957082
6676,retail,False,1110.6651573865438
6677,merchant,False,6498.669949338751
6678,retail,False,1080.118361501844
6679,retail,False,1135.1755325306035
6680,retail,False,6176.379247055659
6681,merchant,False,9296.204558566387
6682,retail,False,7384.388624589252
6683,merchant,False,50041.026598305376
6684,retail,False,214.0127150016868
6685,retail,True,2742.5565920998747
6686,merchant,False,616.3035862017832
6687,merchant,False,26203.14764973404
6688,retail,True,2225.941974704336
6689,retail,True,10309.896103362482
6690,retail,False,6549.942969356969
6691,retail,False,982.9812013996443
6692,merchant,False,40633.38947137575
6693,merchant,False,91.94688632099587
6694,retail,False,6090.841503565393
6695,retail,False,10056.973664729638
6696,retail,False,3304.1251641289427
6697,retail,False,8368.416159441915
6698,retail,False,1873.7351971026198
6699,retail,True,1072.9111103646862
6700,retail,False,3750.196115744288
6701,retail,False,180.38220736948838
6702,p2p_broker,False,10389.118452663704
6703,retail,False,1330.539568512459
6704,retail,False,3625.2493628985335
6705,retail,False,5260.465361590303
6706,retail,True,4343.493257535766
6707,retail,False,1475.5133319843471
6708,retail,False,8766.124165872232
6709,retail,False,3656.6020175328226
6710,retail,False,538.6997056465789
6711,merchant,False,24962.927537757787
6712,retail,False,1178.0550857209091
6713,retail,False,6564.209251457996
6714,retail,False,567.3690672554065
6715,merchant,False,8289.957743554993
6716,retail,False,9412.406737803258
6717,merchant,False,951.5841351588545
6718,retail,False,7801.176786591292
6719,retail,False,9424.222624976925
6720,retail,False,11995.147982323479
6721,retail,False,2753.5390302112223
6722,retail,False,39319.463413225974
6723,retail,False,10349.73848473792
6724,retail,False,2200.857461255414
6725,retail,False,4534.8997427742015
6726,retail,False,1274.3078954755342
6727,retail,False,64.08366438715967
6728,retail,False,4479.740182506809
6729,retail,False,1965.313114393357
6730,merchant,False,871.7038353608732
6731,retail,False,495.6881093014214
6732,merchant,False,17352.559575343304
6733,retail,False,4613.634452675885
6734,retail,False,1397.9711200223655
6735,p2p_broker,False,7123.574067607278
6736,retail,False,3422.637878021993
6737,retail,False,874.8592462005494
6738,retail,False,5955.79413894293
6739,retail,False,1538.6323412064185
6740,retail,False,4924.76671701464
6741,retail,False,34.45307653406209
6742,retail,False,531.7560142921956
6743,retail,True,1884.7293102037654
6744,retail,False,7272.414273080622
6745,retail,False,2246.745256330194
6746,retail,False,904.7997574863762
6747,retail,False,2685.4406365159316
6748,retail,False,639.8214786504395
6749,retail,False,6918.2812341057315
6750,retail,False,39801.964695247436
6751,retail,False,2984.994680023422
6752,retail,False,3917.055128847671
6753,merchant,False,3181.657896206114
6754,retail,False,12584.631946456291
6755,retail,True,8936.019518357893
6756,retail,False,2961.6517226739134
6757,merchant,False,6917.9232650542635
6758,retail,False,4994.664771088198
6759,retail,False,4534.579016169493
6760,retail,False,1272.6690909855479
6761,retail,False,6511.884799621492
6762,merchant,False,23879.55280182701
6763,retail,True,2388.8432140113655
6764,retail,False,1117.5528505663856
6765,retail,False,5925.555225274344
6766,merchant,False,25471.39153963798
6767,retail,True,7979.679538650001
6768,merchant,False,2004.9112533954485
6769,retail,False,832.3842125261092
6770,retail,False,173.55408834768656
6771,retail,True,7064.377022228708
6772,retail,False,4801.282603433157
6773,p2p_broker,False,2057.039454583586
6774,retail,False,4514.56216847193
6775,retail,False,171.77820355320802
6776,retail,False,222.58852801201368
6777,retail,False,11471.438019310368
6778,retail,False,2923.4347504973416
6779,retail,False,4686.294299962295
6780,retail,False,1457.1198751785357
6781,retail,False,5438.253277339675
6782,retail,False,2496.313611272649
6783,retail,False,199.64672665201724
6784,retail,False,25208.316383737885
6785,retail,False,68496.6500937409
6786,retail,False,2389.386522700673
6787,retail,False,1700.2447119861554
6788,retail,False,11149.567285460387
6789,merchant,False,8032.773361552772
6790,retail,False,9614.5502384017
6791,retail,False,11856.908521405489
6792,retail,False,548.5014685103333
6793,retail,False,6693.76220569305
6794,retail,False,262.12035484860314
6795,retail,False,736.2704022316099
6796,retail,False,397.15856382371703
6797,retail,True,5157.28033614815
6798,retail,False,7874.503625650324
6799,retail,False,928.9293523955819
6800,retail,False,2933.520770554666
6801,retail,False,9087.924829637772
6802,retail,False,29766.405651358556
6803,retail,False,2477.7018701382976
6804,merchant,False,12176.422175832262
6805,retail,False,7768.437596573779
6806,retail,True,330.28190962113234
6807,p2p_broker,False,673.6967779437136
6808,retail,False,7720.273909764306
6809,retail,False,11270.892019829382
6810,retail,False,65.32832307436433
6811,retail,False,6032.600066943141
6812,retail,False,13696.329047965248
6813,retail,False,1485.278093730586
6814,retail,False,4853.779485940567
6815,retail,True,7266.259687855612
6816,retail,False,901.9292393612634
6817,retail,False,5344.501569830275
6818,retail,False,4617.443739501753
6819,p2p_broker,False,14937.696751693562
6820,retail,False,1434.7908325002513
6821,merchant,False,33725.57522322822
6822,retail,False,205.0480265454887
6823,retail,False,9694.007591480095
6824,retail,False,2894.249619906775
6825,retail,False,538.1737882585569
6826,retail,False,872.6320493631763
6827,merchant,False,35450.14359181588
6828,retail,False,1136.0667369557323
6829,retail,False,10924.780466905951
6830,retail,False,28441.61456037375
6831,retail,True,6889.273503127173
6832,retail,False,4706.310048161482
6833,p2p_broker,False,25401.262014417538
6834,retail,False,1429.719878888683
6835,retail,False,3147.4405458536016
6836,retail,False,4858.563122328917
6837,retail,False,6366.020648265749
6838,p2p_broker,False,3925.217090856406
6839,merchant,False,9175.576067309405
6840,retail,True,149.54550492963685
6841,escrow,False,279.25171155339194
6842,retail,True,762.7039211925478
6843,retail,False,3454.879932609577
6844,retail,False,1094.36633277711
6845,retail,False,9454.997179414895
6846,retail,False,304.5962448474463
6847,retail,False,2678.1067135618587
6848,retail,True,1527.494858423372
6849,p2p_broker,False,2975.151301234232
6850,escrow,False,8507.60778999648
6851,retail,False,2067.4500731245375
6852,retail,True,4273.413997932689
6853,retail,False,2015.3845329486257
6854,retail,False,1189.0176582868219
6855,retail,False,1632.5255485613377
6856,retail,False,5047.532115783035
6857,retail,False,9818.351917193388
6858,retail,False,3574.097756964938
6859,retail,False,9.357250859259741
6860,retail,False,4374.394941629256
6861,merchant,False,16975.263312267423
6862,retail,False,1123.9312845440577
6863,retail,False,1672.6202897592457
6864,retail,False,4926.284452836367
6865,retail,False,1147.33964270821
6866,retail,False,8611.321511866849
6867,retail,False,8790.474979557684
6868,retail,False,2085.7119426710333
6869,retail,False,7255.184490870509
6870,retail,False,6028.36139671134
6871,retail,False,3659.681829685288
6872,retail,False,940.323687866143
6873,retail,True,5704.051024131552
6874,retail,False,23176.385933804893
6875,retail,False,16109.023804460208
6876,retail,True,7572.528040091463
6877,retail,True,3383.299841622507
6878,retail,False,12675.899525974215
6879,retail,False,2789.542412474365
6880,retail,False,12846.472958411236
6881,retail,False,1259.2554933688555
6882,retail,False,4001.4422048174692
6883,merchant,False,626.9174683016241
6884,merchant,False,15204.247756941932
6885,p2p_broker,False,5143.134070845988
6886,retail,False,10257.743824023348
6887,retail,False,27.31948441493532
6888,retail,True,15382.980069444606
6889,retail,False,14918.988544824551
6890,retail,False,521.088932881749
6891,retail,False,6194.608102276448
6892,retail,False,2401.874977820967
6893,retail,False,100.48021874412639
6894,retail,False,32464.248779675447
6895,retail,False,25942.36413422797
6896,merchant,False,12053.171349672873
6897,retail,False,5952.037212028935
6898,retail,False,1004.3807910074026
6899,merchant,False,44807.326413764815
6900,retail,False,373.7970942598109
6901,retail,False,17385.932310635355
6902,retail,False,11504.978699236033
6903,retail,False,3401.1085086606627
6904,retail,False,3439.4484022292822
6905,merchant,False,14124.58586944233
6906,retail,False,1080.6693778559006
6907,merchant,False,15663.233781250243
6908,p2p_broker,False,3767.94782873712
6909,retail,False,6289.906464566679
6910,retail,False,1399.772840072389
6911,retail,False,1076.8128775676269
6912,retail,False,1029.1734923073934
6913,retail,False,1141.8045968893503
6914,retail,False,436.29869262025403
6915,merchant,False,4407.6174989856045
6916,retail,False,9533.638123603707
6917,retail,True,2317.384223060607
6918,retail,False,7310.282028385056
6919,retail,False,4242.505794582229
6920,retail,False,9865.137324535675
6921,retail,False,10108.256224117209
6922,retail,False,1582.782182318585
6923,retail,False,3435.910909774688
6924,retail,False,7273.619627640459
6925,retail,False,717.9212818169153
6926,retail,False,6380.535366187278
6927,merchant,False,31447.39608035786
6928,retail,False,5322.1226573010035
6929,p2p_broker,False,47895.647927260914
6930,retail,False,10708.190230687118
6931,retail,False,3838.700109424445
6932,retail,True,13283.413325972637
6933,retail,False,7111.844654009833
6934,retail,False,6923.974579159147
6935,retail,False,8733.20041471252
6936,merchant,False,2564.1953122128875
6937,retail,False,3983.1057650065854
6938,retail,False,4763.77037684103
6939,retail,False,9599.00631369577
6940,retail,False,3652.183312525075
6941,retail,True,1833.3011867814255
6942,retail,False,3778.676978762424
6943,retail,True,58.09840172998233
6944,retail,False,7695.143031804489
6945,retail,False,12969.27375317871
6946,retail,False,2738.575833778861
6947,retail,False,2677.2731069629426
6948,retail,False,438.8889906961375
6949,merchant,False,22988.434982854527
6950,retail,False,2723.447910993179
6951,p2p_broker,False,4365.473090846479
6952,retail,False,2957.7526641596914
6953,retail,True,872.2651059603395
6954,retail,False,951.9650020242709
6955,retail,False,2257.4738664655165
6956,retail,False,4244.314232627638
6957,retail,False,3426.8065881532684
6958,retail,False,961.4293806665096
6959,merchant,False,41080.7958910757
6960,retail,False,78.31317304542927
6961,retail,False,426.0686043851965
6962,retail,False,839.0190870585282
6963,retail,False,56.227361409262386
6964,retail,False,15840.889563641686
6965,retail,False,660.8962309191992
6966,retail,False,18825.09204491777
6967,retail,True,10911.403731475066
6968,retail,False,2161.5087296692564
6969,retail,False,2352.0518159857165
6970,retail,False,7311.349081606512
6971,retail,False,317.69363686525026
6972,retail,False,284.9664285050311
6973,p2p_broker,False,3645.0827512844753
6974,retail,False,1556.3366977757892
6975,retail,True,6145.950087450254
6976,merchant,False,19354.347493736983
6977,retail,False,17233.440018659727
6978,retail,False,93.63975709750594
6979,retail,True,1837.4052221276706
6980,p2p_broker,False,1545.0992756303588
6981,p2p_broker,False,314.5693649837667
6982,retail,True,7837.019816542028
6983,retail,False,4753.340239901668
6984,retail,False,37820.597003408366
6985,retail,False,3141.3911280075217
6986,retail,False,5852.928529129937
6987,retail,False,1063.9248392463912
6988,retail,False,13193.630629435827
6989,retail,False,2092.732046811448
6990,retail,False,4535.404938365475
6991,retail,True,2118.066002733096
6992,merchant,False,724.9982191086481
6993,retail,False,2319.2363019276604
6994,retail,True,12411.58845717293
6995,merchant,False,25267.105275004877
6996,retail,False,822.7444220140367
6997,retail,False,57.2866933614846
6998,merchant,False,21858.86974368414
6999,retail,False,50938.787649171805
7000,retail,False,2753.702548579955
7001,merchant,False,14789.214210495422
7002,retail,False,7278.193554033408
7003,retail,False,682.3264574252662
7004,merchant,False,13244.528340767794
7005,retail,False,28.657783592834843
7006,merchant,False,13486.965915802019
7007,retail,False,3322.605284887709
7008,retail,False,813.6866669399199
7009,retail,False,5009.580470792929
7010,retail,False,4218.412466003609
7011,p2p_broker,False,9456.762146187053
7012,retail,False,65.44026363828692
7013,retail,False,2153.6209692461666
7014,retail,False,2640.093451474516
7015,p2p_broker,False,12781.918157560081
7016,retail,False,185.12460441626433
7017,retail,False,5619.489242725496
7018,retail,True,4407.116829093311
7019,retail,False,8587.608752805325
7020,p2p_broker,False,155.095148860496
7021,p2p_broker,False,8679.705586352664
7022,retail,False,764.9860598759666
7023,retail,False,5864.79370929256
7024,retail,False,10440.506089191644
7025,retail,True,8419.504732622478
7026,retail,True,5706.196537739521
7027,retail,False,5788.731044191135
7028,retail,False,2845.0112178858144
7029,merchant,False,27707.65037943198
7030,retail,False,327.39745203120214
7031,retail,True,3077.0299937580567
7032,retail,False,1479.190219059743
7033,retail,False,7130.672851728655
7034,retail,False,100.52981044399758
7035,retail,False,1219.647169500584
7036,retail,False,4416.22470449938
7037,retail,False,2616.3031818091167
7038,merchant,False,9303.535741261749
7039,merchant,False,5754.275096238517
7040,retail,False,4573.143804336162
7041,retail,False,2164.698546151829
7042,retail,False,2295.771047529136
7043,retail,False,595.3556915035705
7044,p2p_broker,False,1104.9176284699097
7045,p2p_broker,False,7548.226895315969
7046,retail,False,1919.7816982159504
7047,retail,False,9882.341617440337
7048,retail,False,8297.821538353965
7049,retail,False,4763.7923354402965
7050,p2p_broker,False,2294.6517723281977
7051,retail,False,18.24784656812136
7052,retail,False,10639.243460494446
7053,retail,False,3521.5485656333044
7054,retail,False,4013.1953640246156
7055,retail,False,3959.0423639967753
7056,merchant,False,21315.836627963366
7057,retail,False,1575.1216114307767
7058,retail,False,6546.586030960924
7059,retail,False,456.5637789577959
7060,retail,False,774.6759718086746
7061,retail,False,13244.938058220238
7062,retail,False,4783.280247272109
7063,retail,False,1767.1424812842495
7064,retail,True,6466.435995644603
7065,merchant,False,2900.066053402292
7066,retail,False,130.78142709945402
7067,merchant,False,6204.047817056181
7068,retail,False,7797.950837784901
7069,retail,False,1499.2173802667276
7070,retail,False,1058.1414585681669
7071,retail,False,1413.4006158399623
7072,retail,False,49.46455613586326
7073,retail,False,2498.5071457870076
7074,retail,False,463.3667018129468
7075,retail,False,3609.293249396914
7076,retail,False,2508.444620593604
7077,escrow,False,10129.742976231693
7078,retail,False,1825.4494536965578
7079,p2p_broker,False,4675.895677742052
7080,merchant,False,35584.840411246456
7081,merchant,False,11495.384460637164
7082,retail,False,2396.102117237987
7083,retail,False,1237.806361230759
7084,retail,False,4338.673945191376
7085,retail,False,6517.295146627566
7086,retail,False,4231.193509959596
7087,retail,False,30163.14771271003
7088,retail,False,4737.7332430968845
7089,retail,False,658.1249994416761
7090,retail,True,902.5002769328943
7091,retail,False,6497.632669655792
7092,merchant,False,7189.702488578875
7093,retail,False,5549.607100825308
7094,retail,False,338.84005968113064
7095,retail,False,1370.771650999246
7096,retail,False,5708.342313659066
7097,retail,False,14861.35731934167
7098,retail,False,2256.560820267929
7099,retail,False,82451.36779412518
7100,retail,False,1762.0888809524672
7101,retail,False,10469.592622442378
7102,retail,False,1155.362540804631
7103,retail,False,13268.48286307614
7104,retail,True,6320.3387855512565
7105,retail,False,5464.865759542686
7106,retail,False,3727.283361106999
7107,retail,False,9284.16624831181
7108,retail,False,8506.39384822987
7109,retail,False,4383.870007834722
7110,p2p_broker,False,11611.774025493216
7111,retail,False,1168.6028997185576
7112,retail,True,3793.629564076229
7113,retail,False,1011.8073632873071
7114,merchant,False,911.271225040877
7115,merchant,False,15021.945842573672
7116,retail,False,3449.6377599301854
7117,retail,False,171.67547869565425
7118,retail,False,2470.3977720584153
7119,retail,True,1399.1363280153432
7120,retail,False,9401.992272729158
7121,retail,False,23394.918969363986
7122,p2p_broker,False,6274.32296604327
7123,merchant,False,488.4783350308862
7124,retail,False,8617.933027344796
7125,escrow,False,3553.647128114834
7126,retail,False,1389.6244206482156
7127,retail,False,15997.834588375523
7128,merchant,False,26093.685330930603
7129,retail,False,24196.720575068422
7130,retail,False,404.76576391815377
7131,retail,False,339.64165533767556
7132,retail,False,537.0082758776955
7133,retail,False,15605.851154656146
7134,retail,False,6451.211097597295
7135,retail,False,4373.49851647162
7136,retail,False,4387.426432946242
7137,retail,True,2704.57816288096
7138,retail,False,4810.5613116566
7139,retail,False,2411.5726369878553
7140,retail,False,3203.8198935344403
7141,retail,False,1291.8330237390542
7142,retail,False,4985.094196001587
7143,retail,False,18267.684519929313
7144,merchant,False,2587.6848858330095
7145,retail,False,1207.4693178276864
7146,retail,True,1919.9888268755915
7147,retail,False,132.82167330238133
7148,retail,True,7933.755934555406
7149,retail,False,1021.6537723697069
7150,retail,True,670.7824477221346
7151,retail,False,22008.099307143602
7152,escrow,False,4484.981219166297
7153,retail,False,14709.08511296865
7154,merchant,False,3353.993055078163
7155,retail,False,5533.9730958575865
7156,merchant,False,26264.658077357402
7157,p2p_broker,False,2676.573442481491
7158,retail,False,15762.158028454918
7159,retail,False,4237.8432229281625
7160,retail,False,9654.449626295633
7161,retail,False,4254.778204492156
7162,retail,False,2125.113087806089
7163,retail,True,7845.819313795319
7164,merchant,False,9650.808865635128
7165,retail,False,3265.184946198672
7166,retail,False,4897.21110687931
7167,retail,True,2755.731126185286
7168,retail,False,2251.3015014234484
7169,retail,False,569.6054552695838
7170,retail,False,4030.4470204721606
7171,retail,False,2265.1325348643963
7172,retail,False,9697.9466460214
7173,retail,False,11722.061776703378
7174,retail,False,19652.34628809076
7175,retail,False,2335.66207958254
7176,retail,False,1706.8865507603107
7177,p2p_broker,False,8757.757187296455
7178,merchant,False,20388.540041168013
7179,retail,False,3342.6970797274416
7180,retail,False,2221.6511513584037
7181,retail,False,2325.40005370894
7182,retail,False,5142.578311714425
7183,retail,False,3570.232723556618
7184,retail,False,4907.132538824761
7185,retail,True,12373.703224995184
7186,retail,False,16420.387640973273
7187,retail,False,3178.7466007937437
7188,retail,False,1376.8077983372755
7189,retail,False,1162.225643662348
7190,retail,False,265.69203737710046
7191,retail,False,11771.911348779326
7192,retail,False,801.1928496614713
7193,retail,False,276.949961177802
7194,retail,False,4555.601379029381
7195,p2p_broker,False,1155.5338183897547
7196,retail,False,6920.33088860063
7197,merchant,False,2240.798157736879
7198,retail,False,4004.3249722693827
7199,retail,False,3164.472022050492
7200,retail,False,2776.3820171074894
7201,retail,False,3521.4787463231214
7202,retail,False,1484.6402323030925
7203,p2p_broker,False,3713.592434621445
7204,retail,False,1356.7772399008047
7205,retail,False,3100.586458506648
7206,retail,False,6877.717132822842
7207,retail,False,5435.617838743174
7208,retail,False,73.65493191795174
7209,retail,False,13118.25778060339
7210,retail,False,662.6814742195093
7211,retail,True,6257.584353007573
7212,retail,False,7252.448250627509
7213,retail,False,12904.19840870757
7214,merchant,False,2343.0012302562873
7215,retail,True,2780.4147024778813
7216,retail,False,17012.240607192118
7217,retail,True,5756.913225471395
7218,retail,False,9804.055722817251
7219,retail,False,4240.864276109252
7220,retail,False,2060.584109058224
7221,retail,False,25345.73272568031
7222,retail,False,5460.401964167333
7223,retail,True,7262.9582577048195
7224,retail,True,2267.999294245981
7225,retail,False,4204.961279755452
7226,retail,False,52197.05971127422
7227,retail,False,2300.1712740962485
7228,retail,False,1768.7205086172567
7229,p2p_broker,False,106.35038481975971
7230,retail,False,1502.0241468725346
7231,retail,False,125.80040712376396
7232,retail,False,2946.6241750414774
7233,retail,True,10370.125908090842
7234,retail,False,1804.5846536570234
7235,retail,False,2203.005349890542
7236,retail,False,546.0761060200467
7237,retail,False,416.48573474120855
7238,retail,False,3326.095875868613
7239,merchant,False,17004.528281543528
7240,retail,False,4245.986454092523
7241,retail,False,1129.4587976788578
7242,retail,False,803.2232880032628
7243,merchant,False,11037.206473784923
7244,retail,False,200.12221558922158
7245,p2p_broker,False,8186.704599583494
7246,merchant,False,33059.82341025201
7247,retail,False,6190.029539996408
7248,retail,False,123.66040121788944
7249,retail,True,1205.6913861943915
7250,retail,False,7120.159385235094
7251,retail,False,2822.4261991870308
7252,merchant,False,1264.764736476208
7253,retail,False,15449.317771327636
7254,retail,False,102309.30193541475
7255,retail,False,1459.0589628833616
7256,retail,False,1918.081145781707
7257,merchant,False,691.13903318189
7258,retail,False,1172.400303089254
7259,retail,False,3153.350760034026
7260,merchant,False,15547.973359632351
7261,merchant,False,9139.470863272842
7262,retail,False,591.3583581366316
7263,retail,True,3442.5241014167
7264,retail,False,95016.90924531655
7265,retail,True,18089.52681311342
7266,retail,False,3931.9378635865173
7267,retail,False,127.2574650097729
7268,merchant,False,12746.18313137297
7269,retail,True,9888.192297669551
7270,merchant,False,2629.9021923914615
7271,merchant,False,26963.434731797213
7272,retail,False,1104.6101921650597
7273,retail,False,3648.1082660346706
7274,retail,False,791.1642864743754
7275,retail,False,4053.448075611871
7276,retail,False,2257.9596473917513
7277,retail,False,3463.2316373864555
7278,retail,False,5149.976637972358
7279,retail,False,2327.5551609738363
7280,retail,False,1223.5178525182278
7281,retail,False,1924.6012620923693
7282,retail,False,6874.745603818292
7283,retail,False,10309.380924647689
7284,merchant,False,20219.914012243044
7285,merchant,False,18833.60976304592
7286,retail,True,2971.839054716714
7287,retail,False,19213.306203395983
7288,retail,False,1349.3009775619194
7289,retail,False,4640.289470410951
7290,retail,True,3100.918068459376
7291,retail,False,7490.30121875708
7292,merchant,False,17616.14636661186
7293,retail,False,3872.1556149854127
7294,retail,False,3530.7788124850126
7295,p2p_broker,False,2885.8235000823834
7296,retail,False,7296.591618988734
7297,retail,True,1626.4362194850496
7298,merchant,False,2393.511145843731
7299,retail,False,1280.1682263886792
7300,retail,False,1461.001877129508
7301,retail,False,5486.692506410499
7302,merchant,False,6396.246088022996
7303,retail,False,3313.3274746177985
7304,retail,False,924.017560004179
7305,retail,False,3577.05212787128
7306,retail,True,8553.724789166894
7307,retail,False,5019.117770411786
7308,retail,False,1222.8797291370465
7309,retail,False,2467.3490291400517
7310,retail,False,3051.0355310973537
7311,retail,False,4968.240749617749
7312,retail,False,5376.08164731759
7313,retail,False,323.9162529962276
7314,retail,False,5184.30135812143
7315,retail,False,1202.0460175050684
7316,merchant,False,15063.194278729596
7317,p2p_broker,False,18926.07877840097
7318,retail,False,3458.6732032534082
7319,retail,False,1722.9748734769537
7320,retail,False,10484.24659735025
7321,retail,False,563.707346868167
7322,retail,False,3862.021209782673
7323,merchant,False,27430.069550387852
7324,retail,False,539.6410385823896
7325,retail,False,8149.0823482199185
7326,p2p_broker,False,9052.070547028252
7327,retail,False,20084.902035285395
7328,retail,False,5494.383197710322
7329,retail,False,3767.346821817292
7330,retail,False,2657.5773301757404
7331,merchant,False,5216.295901944791
7332,retail,False,3699.68937820644
7333,retail,False,2908.1483692118986
7334,retail,True,4693.65751643792
7335,merchant,False,25507.061206137325
7336,retail,False,1406.5099287989863
7337,retail,False,10337.919805371059
7338,retail,False,1100.0776113557522
7339,merchant,False,1303.8788922079382
7340,retail,False,6077.68517427184
7341,retail,False,2849.5864349777075
7342,merchant,False,3264.4072859109474
7343,retail,False,7603.712523890729
7344,retail,False,1019.6194407645779
7345,retail,False,8336.37730045546
7346,retail,False,3906.901677258751
7347,retail,False,1318.0758498980185
7348,retail,True,9657.380332043214
7349,retail,False,2777.467639146923
7350,retail,True,5821.016762260345
7351,retail,False,1207.4563169538412
7352,p2p_broker,False,9415.623361549271
7353,retail,False,343.7376436122393
7354,retail,False,4423.613353664
7355,retail,False,2269.512135999781
7356,retail,False,11189.12362394403
7357,retail,False,7854.783795047645
7358,retail,False,835.6229218760227
7359,retail,True,14001.399243096326
7360,retail,False,2236.8363297241294
7361,retail,False,14627.857993700105
7362,merchant,False,1201.6963885906516
7363,merchant,False,20689.541896510447
7364,retail,False,2145.203948811084
7365,retail,False,8360.664584493958
7366,retail,False,672.2490149572589
7367,retail,False,1439.5499152073767
7368,merchant,False,15506.461266420292
7369,merchant,False,4176.14212009646
7370,retail,True,15859.082474241926
7371,merchant,False,4681.829170783843
7372,retail,False,5163.296523881236
7373,merchant,False,14118.95257440543
7374,retail,False,805.4949667305801
7375,retail,False,12494.563424698817
7376,retail,False,1181.0885390851229
7377,p2p_broker,False,1129.211532507301
7378,retail,False,2866.3152205115757
7379,retail,False,7126.552447274854
7380,retail,False,363.1759375528382
7381,retail,False,7253.156966057377
7382,merchant,False,1559.7721656532608
7383,retail,False,1476.968830166405
7384,retail,False,769.5805879780406
7385,retail,False,6940.518280284394
7386,retail,False,4829.558801075797
7387,retail,False,2910.6963528770857
7388,retail,True,2068.4728703932883
7389,retail,True,7254.084323659116
7390,retail,False,1831.9602560872445
7391,retail,False,2277.069643381676
7392,retail,False,5123.333202147398
7393,retail,True,3731.679272191555
7394,merchant,False,6082.84254158823
7395,merchant,False,11137.861591030352
7396,retail,True,1017.8118602451727
7397,retail,False,2874.0843581273994
7398,escrow,False,1329.2447481823892
7399,retail,False,9657.608880943855
7400,retail,False,9228.788281979385
7401,retail,False,1279.0836448683428
7402,retail,False,2664.4574042913364
7403,retail,False,2965.6165234577174
7404,retail,False,235.77229023979524
7405,retail,True,1683.1389684080025
7406,p2p_broker,False,1271.0970014292916
7407,retail,False,5406.365809372596
7408,retail,True,1919.8147218997444
7409,retail,True,998.9066175920226
7410,retail,False,3138.615867256879
7411,retail,True,11341.680982047283
7412,retail,False,570.8495500003665
7413,retail,False,9412.98095052843
7414,retail,False,368.23125747959017
7415,merchant,False,2115.223941716533
7416,retail,False,576.3940583917333
7417,merchant,False,13823.376802924686
7418,retail,False,1333.1366311371382
7419,retail,False,3185.756257564597
7420,retail,False,509.1771408857219
7421,retail,False,921.8676575880366
7422,retail,False,2602.537753125487
7423,retail,False,4612.989993569424
7424,retail,False,592.1008052774259
7425,retail,True,6099.398818123097
7426,escrow,False,4318.548173291513
7427,retail,False,7932.5853834832615
7428,retail,False,263.7525103264647
7429,merchant,False,5473.023307077553
7430,merchant,False,12215.666719903877
7431,retail,False,57.96093843226903
7432,retail,False,3292.0841950058057
7433,retail,False,2043.7472930175784
7434,retail,False,21809.368119584913
7435,retail,False,6667.287259069896
7436,retail,False,2730.1798080784015
7437,retail,True,4986.92207127465
7438,retail,False,1794.5723998061108
7439,merchant,False,7443.946208496635
7440,merchant,False,17137.720622808672
7441,merchant,False,2256.2113537046503
7442,retail,True,2987.5988690335735
7443,retail,False,1270.4724683965405
7444,retail,True,31931.98396960526
7445,retail,False,6352.807614864211
7446,retail,False,32093.36073460561
7447,retail,False,2110.015589360864
7448,retail,True,3695.625240566209
7449,retail,False,1162.7953127324386
7450,retail,False,5385.895792793237
7451,retail,False,15043.341430752704
7452,retail,False,375.6792647898096
7453,retail,False,4910.419529121659
7454,p2p_broker,False,9792.636356609208
7455,retail,False,5210.472790719254
7456,retail,False,2587.692982486422
7457,merchant,False,17526.7644338928
7458,retail,True,9765.551480232196
7459,retail,False,6844.447099768317
7460,retail,False,22.13475145737806
7461,retail,False,181.27600236812088
7462,retail,False,12413.116573246092
7463,merchant,False,17881.137288796137
7464,p2p_broker,False,819.1701718993554
7465,retail,False,41.69337493316821
7466,retail,True,3049.136194859281
7467,retail,False,2258.5717389599936
7468,retail,False,4241.098626501947
7469,retail,False,3023.679268984262
7470,retail,False,12811.011929975708
7471,merchant,False,16447.329025276544
7472,retail,False,7637.841416678519
7473,retail,False,244.84715551884432
7474,retail,False,2802.032274833071
7475,retail,False,261.4028497053177
7476,retail,False,9152.05799956765
7477,retail,False,4351.423179507008
7478,retail,False,1287.2479667787552
7479,merchant,False,10894.648370228786
7480,retail,True,3733.246730157339
7481,merchant,False,15158.893713779526
7482,retail,False,89.79441937701802
7483,retail,False,281.8163837066029
7484,retail,False,7642.026587442063
7485,retail,False,1903.1721966772986
7486,retail,False,3000.825851364862
7487,retail,False,677.2259720216553
7488,retail,False,2708.586362779924
7489,retail,False,16.534324927345967
7490,merchant,False,397.39698230777884
7491,escrow,False,922.2269353295796
7492,retail,False,6269.37827500599
7493,retail,False,949.8590006891732
7494,merchant,False,11079.196272961215
7495,retail,False,2445.2499625268874
7496,retail,False,5514.276633994154
7497,retail,False,5923.2422619398785
7498,retail,False,364.76201225559305
7499,retail,False,3711.2250627302483
7500,retail,False,266.31034252150596
7501,retail,False,2721.986183112466
7502,retail,False,751.5918303002724
7503,retail,False,10029.455134501624
7504,retail,False,75.80469590697714
7505,retail,False,5493.14075910891
7506,p2p_broker,False,12155.345021875244
7507,merchant,False,8796.137924909639
7508,retail,False,3938.4166280202094
7509,retail,False,11261.403623966875
7510,retail,False,3773.365742923005
7511,retail,True,6183.826684270096
7512,retail,True,4952.180036414077
7513,retail,False,5811.738529075228
7514,retail,False,3251.0986648656776
7515,retail,False,6062.3957949328815
7516,merchant,False,13528.822910444389
7517,retail,False,7893.545627645503
7518,retail,False,1433.8559054983375
7519,retail,False,270.7612948560779
7520,retail,False,4392.924495507078
7521,retail,False,4384.451417140429
7522,retail,False,4067.2782307799316
7523,retail,False,602.5420829611348
7524,retail,True,1787.587425321491
7525,retail,False,1503.5158285359178
7526,retail,False,1060.6897984984973
7527,retail,False,2259.2752985360216
7528,retail,False,3941.054437370888
7529,retail,False,2056.272595065043
7530,retail,False,275.2086964238664
7531,retail,False,861.0827275694913
7532,retail,False,376.79225427317175
7533,retail,False,1907.6253425052541
7534,retail,False,14325.818430374198
7535,p2p_broker,False,7644.330223832541
7536,retail,False,7245.516507694194
7537,merchant,False,8242.82253437283
7538,retail,False,6475.486034800859
7539,retail,False,1624.1076298570606
7540,merchant,False,43279.18274145518
7541,retail,False,6423.486656329249
7542,retail,False,3572.3198715526937
7543,p2p_broker,False,26437.218133672715
7544,retail,False,1105.5787946927692
7545,retail,False,6920.450841329893
7546,retail,False,528.1109449364405
7547,retail,False,6702.452591107544
7548,retail,False,340.88191423378754
7549,retail,False,1484.7639894659878
7550,merchant,False,31579.914505058678
7551,retail,False,11440.26470096089
7552,retail,False,399.29174688991804
7553,retail,False,8019.8723876082795
7554,retail,False,498.2937330254302
7555,merchant,False,7062.782401610288
7556,retail,False,6025.141189360785
7557,retail,False,186.8055929808166
7558,merchant,False,8141.032321793392
7559,merchant,False,14355.686845438984
7560,merchant,False,18460.197381105852
7561,retail,False,18966.51438622255
7562,retail,True,2326.3439349528944
7563,retail,False,6041.536330184302
7564,retail,False,3750.393321711218
7565,merchant,False,13583.141542975334
7566,retail,False,10.05862129399084
7567,retail,False,2940.4771332081623
7568,merchant,False,27896.597174266655
7569,p2p_broker,False,119.29234216698524
7570,retail,False,4841.967925088826
7571,merchant,False,5484.639150196636
7572,retail,True,1301.0786467483756
7573,retail,False,523.296052381418
7574,retail,False,1443.819456280963
7575,p2p_broker,False,4499.077467743875
7576,merchant,False,10205.451517638714
7577,retail,False,1034.555047714545
7578,retail,True,41176.52809974718
7579,retail,False,720.1737593538364
7580,retail,False,965.1223092590249
7581,merchant,False,3663.808449437112
7582,retail,False,50.92254870220228
7583,retail,False,4697.832086106691
7584,retail,False,11158.195235451425
7585,retail,False,3043.5090682963914
7586,retail,False,5062.53753861619
7587,escrow,False,13105.107445450227
7588,retail,False,788.9410194321238
7589,retail,False,2743.449323035848
7590,retail,False,4386.7292039757585
7591,merchant,False,9900.179239359632
7592,merchant,False,5946.22925966264
7593,merchant,False,1403.0091546022113
7594,retail,False,10037.361738456088
7595,merchant,False,14033.586543208186
7596,retail,False,1409.127376327563
7597,retail,False,5285.545572806889
7598,retail,False,5988.542703658443
7599,retail,False,208.610875270396
7600,escrow,False,5746.756521916961
7601,p2p_broker,False,3296.15883443131
7602,retail,False,12326.519348468908
7603,retail,False,4860.29611353478
7604,merchant,False,22955.021059948027
7605,p2p_broker,False,6705.112523656917
7606,retail,False,3482.9578800417517
7607,retail,False,1790.0470404175703
7608,retail,False,3138.555894338302
7609,merchant,False,7953.307705183874
7610,retail,False,392.8303414768655
7611,retail,False,2844.464139183399
7612,retail,False,16477.261300415183
7613,retail,False,2353.4280184394584
7614,retail,False,18765.112912237837
7615,merchant,False,9168.41709718431
7616,retail,False,1647.3399911403699
7617,retail,False,463.36067300052594
7618,retail,False,657.8745921027952
7619,merchant,False,5165.161452170645
7620,retail,False,1259.837785651231
7621,retail,False,20857.88005681063
7622,retail,False,8393.733241608272
7623,retail,True,6216.494672662154
7624,retail,False,1420.6930812782782
7625,retail,False,16671.990297558976
7626,merchant,False,4956.069547653231
7627,merchant,False,12380.566853114458
7628,retail,False,5800.828053711118
7629,merchant,False,25356.45857738105
7630,retail,False,18.43482214629647
7631,retail,False,4223.890518399695
7632,merchant,False,28829.955142261675
7633,retail,False,2347.238853969493
7634,retail,False,1246.0697714438534
7635,retail,False,3506.6883862831082
7636,retail,False,10749.287536062035
7637,merchant,False,14247.217838355728
7638,retail,False,4480.70958079959
7639,retail,False,2878.595764452415
7640,retail,False,3960.5278408499644
7641,merchant,False,13061.906069151428
7642,retail,True,4113.5706059605345
7643,retail,True,2501.76362368479
7644,retail,False,2674.700247747811
7645,retail,False,94.0270783973731
7646,retail,False,38543.113066149774
7647,retail,False,7618.057606866506
7648,retail,False,4954.4751916229125
7649,retail,False,20527.336385578583
7650,merchant,False,5266.90474064557
7651,retail,False,22130.444072896556
7652,retail,False,4977.100208911203
7653,retail,False,3671.26176307836
7654,retail,False,254.04493460325804
7655,retail,False,21360.886133878666
7656,retail,False,3138.9247712679608
7657,retail,False,26.897192466208466
7658,retail,False,89.81562325736815
7659,retail,False,1536.3742242194824
7660,retail,False,690.613471928318
7661,escrow,False,980.0282666920511
7662,retail,True,5708.380196159804
7663,merchant,False,7559.245630012118
7664,retail,False,5057.6990602949
7665,retail,False,761.70371291376
7666,retail,False,1613.9241852214227
7667,retail,False,2001.7687675340248
7668,retail,False,2014.5823611249025
7669,retail,False,1150.7272580449612
7670,escrow,False,1781.80119510035
7671,retail,False,1637.7483454397895
7672,merchant,False,11074.521064529648
7673,retail,False,3138.1786567517693
7674,retail,True,3055.972130047551
7675,retail,False,2358.7549214879464
7676,retail,False,912.8027452446179
7677,p2p_broker,False,3989.3725461578315
7678,merchant,False,13776.87721360289
7679,p2p_broker,False,3686.437907069322
7680,escrow,False,2289.6884543842016
7681,retail,False,1246.8818034644785
7682,retail,False,1023.0376608189442
7683,merchant,False,6464.830805995728
7684,retail,True,1444.117225064383
7685,merchant,False,14875.544657358778
7686,retail,True,4417.702067683247
7687,retail,False,2669.301024543771
7688,retail,False,4356.415946399964
7689,retail,False,1897.2359844164803
7690,retail,False,2801.4924319596225
7691,retail,False,10096.602363174954
7692,retail,False,4415.7605035333345
7693,retail,False,9967.329923379491
7694,retail,False,8098.6527894578485
7695,retail,False,2438.9115848965994
7696,retail,False,2050.6162788474257
7697,merchant,False,9805.600266251224
7698,retail,False,177.89204962251847
7699,retail,False,2786.195330060689
7700,retail,False,2282.6247116834347
7701,retail,False,2574.55153615226
7702,retail,False,12893.751915253952
7703,retail,False,2286.6352464275574
7704,retail,False,2449.018340792505
7705,retail,False,10403.176556530474
7706,retail,False,1450.3782362146019
7707,retail,False,5546.483284823704
7708,retail,False,3679.2803312183405
7709,retail,False,113.03376932340856
7710,retail,True,5659.167499147719
7711,retail,False,2180.922203077675
7712,retail,False,2891.330773231784
7713,retail,True,951.1221619351309
7714,retail,True,4048.6486841114097
7715,retail,True,1123.5289157810166
7716,retail,False,1205.967020941493
7717,merchant,False,19687.237940450934
7718,retail,False,4688.3837308580905
7719,retail,True,30708.59545985272
7720,retail,False,161.58822370596744
7721,merchant,False,12335.101751124233
7722,retail,False,1341.9609898574447
7723,retail,False,4959.463757936614
7724,merchant,False,15483.416294620285
7725,retail,False,3107.4520045321524
7726,retail,False,3080.4437639367407
7727,retail,False,603.8029049621375
7728,retail,False,1749.2251720987729
7729,retail,False,2599.511497472502
7730,retail,False,11233.63739504786
7731,retail,False,13133.041403072622
7732,retail,False,4461.75479460306
7733,retail,False,3474.9102612462884
7734,merchant,False,11045.88171744849
7735,retail,False,997.2967387976876
7736,retail,False,4627.118747050887
7737,retail,False,298.80805467102266
7738,retail,False,11332.119918337383
7739,retail,False,2981.2004204049376
7740,retail,False,3755.9255156568233
7741,retail,True,488.48381282138484
7742,merchant,False,6103.740577480357
7743,merchant,False,5128.517339926041
7744,retail,False,4827.996436062403
7745,retail,False,1309.7310297169638
7746,retail,False,548.3541339782721
7747,retail,False,6460.820205822242
7748,retail,False,9614.563794849813
7749,merchant,False,3779.762440174741
7750,merchant,False,10820.620766693024
7751,retail,False,915.3857640372987
7752,merchant,False,29442.957603810417
7753,merchant,False,11369.832313766377
7754,retail,False,2784.2002779508066
7755,merchant,False,11599.512830074425
7756,retail,True,101.1721291920013
7757,retail,False,1727.5096540620123
7758,retail,True,1185.4952458704615
7759,retail,False,525.79056120455
7760,retail,False,1907.721287398169
7761,merchant,False,40586.55562841337
7762,retail,False,29.253062598677616
7763,retail,False,2625.439149091451
7764,retail,False,5001.931665535405
7765,retail,False,7531.628775652068
7766,retail,True,4836.247284263681
7767,retail,False,34105.442441729756
7768,p2p_broker,False,2388.447332994675
7769,retail,False,7803.708045834209
7770,retail,False,17687.144842590737
7771,retail,False,7062.530089033964
7772,retail,True,339.6784662507732
7773,p2p_broker,False,152.66622754917034
7774,retail,False,482.0166753691804
7775,retail,False,2946.774468696293
7776,retail,False,4134.768657936628
7777,merchant,False,12385.66173096567
7778,retail,False,2431.571714149628
7779,retail,False,23020.86516163039
7780,retail,False,1382.9550796893448
7781,retail,False,2810.0079909356486
7782,retail,False,10204.14293720259
7783,retail,True,5376.713110044805
7784,retail,True,14216.645143008485
7785,p2p_broker,False,6325.054739845741
7786,retail,True,12570.35626581925
7787,merchant,False,3783.1483807399068
7788,retail,False,1462.1082881304064
7789,retail,True,1680.1709555055882
7790,retail,False,13478.422618590159
7791,retail,False,6574.6865464727025
7792,retail,False,32735.543901498662
7793,retail,False,2132.4357747865092
7794,retail,False,462.58082704636394
7795,retail,False,117.42549443922098
7796,retail,False,34.84086273043003
7797,merchant,False,4725.206416663764
7798,retail,False,1488.7937124188281
7799,retail,False,2241.5235064656085
7800,retail,False,1317.9817846991732
7801,merchant,False,4935.887633465067
7802,retail,False,2640.999711315055
7803,retail,False,2198.2565431041453
7804,retail,False,824.3476347887204
7805,retail,False,3195.411461953444
7806,retail,False,15634.167519909279
7807,retail,False,3871.093601286967
7808,merchant,False,2436.561770281027
7809,retail,True,41.40178705319737
7810,retail,False,3051.1721100259347
7811,retail,True,3396.4543251275463
7812,retail,False,712.2621720686254
7813,retail,False,17955.28012796191
7814,retail,True,1803.975887330172
7815,retail,False,8521.662877185308
7816,retail,False,6113.796306440701
7817,retail,False,11056.377565338438
7818,p2p_broker,False,10404.375166418882
7819,retail,False,2841.1142304709088
7820,retail,False,11319.436430760023
7821,retail,False,572.228582390998
7822,retail,False,1484.0495593642386
7823,retail,False,1088.3845676379105
7824,p2p_broker,False,1881.2936557992457
7825,retail,False,12442.436731233498
7826,retail,False,796.3942941592628
7827,retail,False,10277.849352800642
7828,merchant,False,19645.618792324723
7829,retail,False,21.908196757922294
7830,p2p_broker,False,2075.8408297460373
7831,retail,False,2413.494921197059
7832,retail,False,1733.4921961894129
7833,retail,False,8015.504609099813
7834,retail,False,720.1564378732353
7835,retail,False,6757.193142093693
7836,retail,False,1349.1161548020546
7837,retail,False,790.5026073962376
7838,retail,False,4137.863024326058
7839,retail,False,8732.755731369798
7840,merchant,False,6046.9770998013555
7841,retail,False,1671.2654276451376
7842,retail,False,10360.02965517059
7843,retail,False,4886.981515598477
7844,retail,False,1349.7915814090918
7845,retail,False,2303.5117017082916
7846,retail,False,3372.586444706547
7847,retail,False,1468.1345917595033
7848,retail,True,3168.3726197481437
7849,retail,True,1354.2503927868042
7850,retail,False,709.5390071941504
7851,merchant,False,18936.006838398822
7852,retail,False,20311.240914035032
7853,retail,False,3548.3937611067217
7854,retail,False,1315.297370098382
7855,retail,False,3861.275628082867
7856,retail,True,3067.5953671567786
7857,retail,False,5302.833122567927
7858,merchant,False,29010.445073726423
7859,retail,False,3173.312976258493
7860,retail,True,14137.474280292858
7861,retail,False,1390.4854526461386
7862,retail,False,1198.1354285343498
7863,retail,False,876.8436916751899
7864,retail,True,7949.920667983612
7865,retail,False,1388.8671232848967
7866,retail,False,4366.352206567095
7867,retail,False,413.9960720780139
7868,retail,True,1012.7525354977349
7869,retail,True,7146.906756321797
7870,retail,False,1444.9572627885234
7871,retail,False,5241.960386470806
7872,retail,True,14734.985759852194
7873,retail,False,147398.58628125282
7874,retail,False,1610.5159452383116
7875,retail,False,5813.458764569729
7876,retail,False,2508.090097551166
7877,retail,True,1523.6726037677738
7878,p2p_broker,False,1378.6517351238576
7879,merchant,False,12091.65748898462
7880,retail,False,1961.4067751306156
7881,retail,False,1085.6737859426453
7882,retail,False,9627.207641126512
7883,retail,False,568.7608772110231
7884,retail,False,30305.117573096904
7885,retail,False,2771.9021076992417
7886,retail,False,1809.9505437719517
7887,retail,False,5314.344517578458
7888,retail,False,2021.952826156758
7889,retail,False,7063.354670311599
7890,retail,False,407.80128125115743
7891,merchant,False,2542.3673924785035
7892,retail,False,2595.8748554026697
7893,retail,False,3568.2083019283746
7894,retail,False,1411.501033887217
7895,retail,False,1973.5002105550886
7896,retail,False,8890.325316038807
7897,retail,False,4039.9893849206683
7898,p2p_broker,False,4441.457473464823
7899,retail,False,1650.1585880211
7900,retail,False,1154.9765461120307
7901,retail,False,4980.269610102636
7902,merchant,False,2709.1330908386
7903,retail,False,5875.801710262863
7904,p2p_broker,False,11649.92395118374
7905,retail,False,5221.692037300824
7906,retail,False,3879.435221735437
7907,merchant,False,33992.95956512798
7908,retail,False,2624.723255335098
7909,retail,False,10885.195238688053
7910,p2p_broker,False,10920.980448864495
7911,retail,False,5031.503146855833
7912,retail,False,1843.9556519628934
7913,merchant,False,23479.43916096635
7914,merchant,False,5379.816705314881
7915,p2p_broker,False,1006.6952370741208
7916,merchant,False,13305.092144868904
7917,retail,False,3473.2104614140007
7918,merchant,False,35273.30410766324
7919,retail,False,8294.801145447096
7920,retail,False,1445.8912194392528
7921,retail,False,10372.856846483151
7922,merchant,False,11378.092506031835
7923,retail,False,4073.109897112068
7924,merchant,False,5277.649984573593
7925,retail,False,1888.6380970462935
7926,retail,True,1770.5303450149884
7927,retail,False,4057.367454980364
7928,retail,False,4063.7587971599805
7929,retail,False,3745.0110048182546
7930,retail,False,32.44036857688903
7931,retail,False,25737.65994350516
7932,retail,False,2018.926215840217
7933,retail,True,2533.0909107338884
7934,retail,True,215.2904055282911
7935,retail,False,1494.4565036721003
7936,retail,False,1793.8622849867495
7937,retail,False,1450.7270038621516
7938,retail,False,1224.9745958243486
7939,retail,False,16162.39704717396
7940,retail,False,4698.562527810581
7941,retail,False,7183.782011637709
7942,retail,False,4339.6625200915
7943,retail,False,1768.1675472109735
7944,retail,False,3453.7912195811
7945,retail,False,6120.798633931399
7946,merchant,False,17125.83318122164
7947,retail,True,1810.6917525033434
7948,retail,False,13498.29907173766
7949,merchant,False,17540.30680025639
7950,retail,False,1848.9558931980941
7951,retail,False,3214.086390266391
7952,merchant,False,16089.970626167547
7953,retail,False,890.502893162647
7954,merchant,False,12984.505629316776
7955,retail,True,4676.624023529889
7956,retail,False,3217.2425358775517
7957,retail,False,1402.1690927545483
7958,retail,False,1161.6114262878311
7959,merchant,False,6266.479917820557
7960,retail,False,1087.0838951673454
7961,retail,False,3525.085492974268
7962,retail,False,4120.144469574592
7963,retail,False,720.3873303220543
7964,retail,False,84.41793654397583
7965,merchant,False,4888.29085653149
7966,retail,False,1548.7452647021719
7967,merchant,False,6479.712346884195
7968,retail,False,11284.743306948469
7969,retail,False,4974.17951749436
7970,retail,True,11078.450756420412
7971,retail,False,3570.521888314436
7972,retail,False,351.754509748202
7973,retail,False,1849.3079798056333
7974,retail,False,1984.722637568271
7975,merchant,False,2989.698880379126
7976,merchant,False,9795.028669983009
7977,p2p_broker,False,653.0204651125616
7978,merchant,False,28675.84925690929
7979,retail,True,14050.849329204291
7980,retail,False,3860.3809551992326
7981,merchant,False,1637.229270899591
7982,merchant,False,12502.792440648846
7983,p2p_broker,False,4371.547218229789
7984,retail,False,20638.92434990562
7985,retail,False,2304.449286849417
7986,merchant,False,14504.626446611588
7987,merchant,False,17588.270335032452
7988,retail,False,860.3102804251131
7989,merchant,False,62832.69650383067
7990,retail,False,11879.73516919846
7991,merchant,False,17977.650823560398
7992,retail,True,36732.06352310714
7993,merchant,False,8539.36649549197
7994,retail,False,2083.237869393424
7995,retail,False,1934.6474525523154
7996,retail,True,7914.05597092808
7997,retail,False,11874.962782965053
7998,retail,False,326.4356500215017
7999,p2p_broker,False,331.33453764039405
8000,retail,False,4988.625245655721
8001,merchant,False,20354.99382752481
8002,retail,False,4732.553982078498
8003,retail,False,1541.854262044056
8004,retail,False,4696.85837844478
8005,retail,False,1778.5007182158752
8006,retail,False,9993.529500684479
8007,merchant,False,4235.177823703752
8008,merchant,False,2692.3272210055834
8009,retail,False,809.8504966311823
8010,p2p_broker,False,14171.683989770725
8011,retail,False,202.2544263045083
8012,retail,False,3748.0058887306204
8013,retail,False,4596.5207122322645
8014,retail,False,396.9898020915388
8015,retail,False,7527.717895537781
8016,retail,False,3486.0912839443577
8017,retail,False,2282.144854320354
8018,retail,False,7731.517827999002
8019,retail,False,100.24866442599793
8020,retail,False,1059.5495415057653
8021,retail,False,15739.535808207147
8022,merchant,False,2842.504766644893
8023,retail,False,4103.878912951687
8024,retail,False,4351.255605182707
8025,retail,False,9379.456256182983
8026,retail,False,1554.4272482052775
8027,retail,False,4795.808886962258
8028,p2p_broker,False,9755.183319345884
8029,retail,False,3825.997219243721
8030,retail,False,3987.192761617722
8031,retail,False,5287.997489121382
8032,retail,True,7177.520985610258
8033,retail,True,12865.015728029151
8034,retail,False,1916.8535757460736
8035,merchant,False,899.7891202529368
8036,retail,False,6092.06556699532
8037,retail,True,595.8035354028649
8038,retail,False,28126.775089057748
8039,merchant,False,6343.7598913935935
8040,retail,False,6694.763349815019
8041,retail,False,17855.98180348485
8042,merchant,False,2457.6576010674917
8043,retail,False,4516.363740047025
8044,merchant,False,15344.61116091331
8045,retail,True,8445.880618575977
8046,retail,False,22452.413495018387
8047,p2p_broker,False,9712.84288741637
8048,retail,True,15570.544723583576
8049,retail,True,5478.343379802126
8050,retail,False,4241.398590402824
8051,retail,False,2966.4817186872574
8052,merchant,False,10549.60530434494
8053,retail,False,746.648006180249
8054,merchant,False,40844.27779787892
8055,retail,False,1910.140932003198
8056,retail,False,33286.03430108504
8057,retail,False,381.2190917628291
8058,retail,False,885.4299011141215
8059,merchant,False,25727.863968029193
8060,retail,False,1866.2945322461135
8061,retail,False,6590.202192220901
8062,retail,False,4045.6246978940044
8063,retail,False,9466.987443321224
8064,merchant,False,24597.26958145326
8065,retail,False,52867.778632663394
8066,retail,False,2119.842514392217
8067,retail,False,10399.378549360084
8068,retail,False,1376.6272547883593
8069,p2p_broker,False,6907.801615882336
8070,retail,False,8089.396699485105
8071,retail,True,81.49226437292725
8072,retail,False,3526.0426282671133
8073,retail,False,10758.380939824963
8074,p2p_broker,False,109.77590068454538
8075,retail,False,12600.942361972782
8076,retail,False,631.7742951105142
8077,retail,False,3005.7642958292467
8078,p2p_broker,False,13764.198075830665
8079,p2p_broker,False,31820.897550457896
8080,retail,False,32.1271919099231
8081,retail,False,5437.76042911405
8082,retail,False,3896.248177968334
8083,retail,True,2178.8834679088745
8084,retail,False,2522.0461884588276
8085,merchant,False,18368.70437240112
8086,merchant,False,20948.944912336756
8087,retail,False,852.7506635006853
8088,retail,False,5714.288360404641
8089,retail,False,35829.93160383156
8090,retail,False,2406.678875599672
8091,retail,False,1196.8301276162263
8092,retail,False,6762.6436804994955
8093,escrow,False,1270.6385135117582
8094,retail,True,295.0601282472228
8095,merchant,False,1711.7615976160714
8096,retail,False,4783.008910242211
8097,retail,False,17727.78810808795
8098,retail,False,19870.70878666323
8099,merchant,False,6598.633100201678
8100,retail,False,9155.985927870659
8101,retail,False,5190.571351840099
8102,retail,False,4873.06569337699
8103,retail,False,2352.7792829160776
8104,retail,False,530.7335079905973
8105,retail,True,1762.6600632439643
8106,retail,False,5043.596349363637
8107,merchant,False,7731.972088786578
8108,retail,True,15430.285477318503
8109,retail,False,140.13609814391248
8110,retail,True,6803.325254726331
8111,retail,True,5471.77862414742
8112,merchant,False,16046.306801561743
8113,retail,False,3469.7311710153053
8114,retail,False,82.69820731800223
8115,merchant,False,5050.760652474786
8116,retail,False,8861.208031731614
8117,retail,False,568.3848510916308
8118,retail,False,3391.5995934730804
8119,retail,False,2572.1894751647205
8120,retail,True,9827.314438776139
8121,retail,False,31253.512603703173
8122,retail,False,3580.0170860837734
8123,retail,True,3939.8256692539253
8124,merchant,False,20527.631941062937
8125,retail,False,590.8697374493585
8126,retail,False,379.28759506677784
8127,retail,False,48030.861718092805
8128,retail,False,592.5329206644108
8129,retail,False,5486.010217060748
8130,retail,False,16617.10992886882
8131,merchant,False,5358.176019572903
8132,merchant,False,9404.683380857292
8133,merchant,False,19032.23878294897
8134,retail,False,10987.33197632086
8135,retail,False,3419.073913258318
8136,retail,False,2737.1239399195474
8137,retail,False,10356.723388253804
8138,retail,False,4258.966237014236
8139,retail,False,4458.140680921156
8140,retail,False,1268.4865463322737
8141,retail,False,11103.685223456985
8142,retail,False,2669.9936746359535
8143,retail,False,3164.2495679276235
8144,retail,False,500.6775003784274
8145,retail,False,212.1517315656554
8146,retail,False,72.35808607607744
8147,retail,False,3897.30267122456
8148,merchant,False,4442.796367263108
8149,retail,False,780.9734169513815
8150,retail,False,1502.9795071408118
8151,retail,False,1188.831055840959
8152,retail,False,18179.43493566728
8153,merchant,False,3878.1577344110556
8154,retail,False,2852.763211788
8155,p2p_broker,False,19722.56804169464
8156,merchant,False,4752.664215182258
8157,retail,False,2424.0757284807078
8158,retail,False,2480.1842427738775
8159,retail,False,8244.312922179888
8160,retail,False,617.2255360279312
8161,retail,False,945.4479623413235
8162,retail,False,1199.436907361626
8163,retail,False,1356.1481299878242
8164,retail,True,1120.2832352979924
8165,retail,True,10210.773828952688
8166,retail,False,209.396096755918
8167,p2p_broker,False,8731.094088250427
8168,retail,False,8983.691300227167
8169,retail,False,29.157375089288962
8170,p2p_broker,False,2173.323960511512
8171,retail,False,6114.598069537262
8172,retail,False,1291.4975737183458
8173,retail,False,2769.169786081332
8174,retail,False,70.1065686277797
8175,merchant,False,8618.328380948029
8176,retail,False,4393.144801392305
8177,retail,False,58.08461182413379
8178,retail,False,217.13803697489797
8179,retail,True,584.4114427834925
8180,retail,True,6309.678165140271
8181,retail,False,3184.3372335223576
8182,retail,False,1180.9548516643988
8183,retail,False,4833.162070902157
8184,retail,False,19734.829715854787
8185,merchant,False,14883.746751613107
8186,retail,False,5483.4458335973495
8187,retail,False,30980.828753426114
8188,retail,False,1626.1433802119352
8189,merchant,False,1305.0129402191787
8190,retail,False,2459.238464669881
8191,merchant,False,16043.122612515426
8192,retail,False,62.53916788585275
8193,merchant,False,5955.536095841962
8194,merchant,False,2469.8964687056086
8195,retail,False,57.7253422300624
8196,retail,False,1684.6740947925741
8197,retail,False,1730.9039623111676
8198,retail,False,83.0232717579357
8199,retail,False,6704.12200712109
8200,retail,False,8886.002151812843
8201,p2p_broker,False,1990.1390486605833
8202,retail,True,1003.1421097906688
8203,retail,False,3003.5449964443637
8204,retail,False,1413.4625869408064
8205,retail,False,13182.736295192122
8206,retail,True,6918.511736310233
8207,retail,False,2497.485935377164
8208,retail,False,1084.6291292696778
8209,p2p_broker,False,17927.264733694232
8210,retail,False,473.4309230196529
8211,p2p_broker,False,2806.177124624587
8212,retail,False,1070.3297813709894
8213,retail,True,7558.569000768508
8214,retail,False,2599.3055168234505
8215,retail,False,729.1423587182685
8216,merchant,False,17547.90234175288
8217,retail,False,17126.911636566423
8218,retail,False,3151.4552059952407
8219,merchant,False,3146.1826267080323
8220,retail,False,8652.633587181666
8221,retail,False,7981.261225327917
8222,retail,False,3049.4984745041666
8223,merchant,False,3849.730977303933
8224,retail,False,8378.652743585557
8225,retail,False,16638.167425154552
8226,retail,False,2082.8658557244094
8227,retail,False,1389.068649228763
8228,merchant,False,1550.3086396945146
8229,retail,False,1958.266950509028
8230,retail,False,2843.4080212794424
8231,retail,False,608.796171908503
8232,merchant,False,29695.481217708675
8233,retail,False,6834.039640820656
8234,merchant,False,387.20493702409783
8235,retail,False,1770.685547131057
8236,merchant,False,16115.044374252502
8237,retail,False,594.4126137352803
8238,retail,False,3881.7608386824436
8239,retail,False,2520.027924529584
8240,retail,True,3752.398147613438
8241,p2p_broker,False,5043.1281090503635
8242,escrow,False,1787.5330345098837
8243,retail,False,1751.2608105114534
8244,merchant,False,7062.841557851222
8245,retail,False,5342.937843845074
8246,retail,False,11290.876992230133
8247,retail,False,1486.3580164985294
8248,retail,True,3013.650105429977
8249,retail,False,800.7930060653912
8250,retail,False,6717.354949332254
8251,retail,False,11318.83179812858
8252,retail,False,1962.0740968980465
8253,merchant,False,15079.404240492626
8254,retail,False,814.7561729737996
8255,retail,False,8291.710282303044
8256,retail,False,13922.73954896366
8257,retail,False,4378.1841916216545
8258,retail,False,4122.434753104272
8259,retail,False,4391.689831872312
8260,retail,False,1145.6592254306922
8261,retail,True,6738.852468653673
8262,merchant,False,5473.516762096391
8263,merchant,False,3702.1203834382777
8264,retail,False,2264.9112304586756
8265,p2p_broker,False,3666.696742355027
8266,merchant,False,21171.791230979346
8267,retail,False,204.29103354299338
8268,retail,False,22257.89675201642
8269,retail,False,4419.552682912843
8270,retail,True,794.299699519215
8271,retail,True,4027.202934313767
8272,p2p_broker,False,6966.61950331297
8273,retail,False,752.918245008125
8274,retail,False,3026.8045354504625
8275,retail,False,1218.892466320484
8276,retail,False,10727.304770808041
8277,retail,False,469.47468501491494
8278,merchant,False,3026.3175255586793
8279,retail,False,934.5818491897107
8280,retail,False,3920.037890744405
8281,retail,False,934.2334898867707
8282,retail,False,3480.689404473023
8283,retail,True,7038.544191786711
8284,retail,False,35.86009177400172
8285,retail,False,1122.7711456649224
8286,retail,False,314.494748138872
8287,merchant,False,9939.345477872352
8288,retail,True,1209.784849328622
8289,retail,False,8441.65610094065
8290,retail,False,3075.2838752195967
8291,merchant,False,4853.042103266694
8292,retail,False,19841.000074120508
8293,retail,False,8749.112809730206
8294,retail,False,278.5136159315511
8295,retail,False,5427.379156291067
8296,retail,False,8741.96025575732
8297,retail,False,11389.491760839703
8298,retail,False,4716.4557308455705
8299,retail,False,574.0740244486569
8300,retail,False,455.065541886486
8301,retail,False,3330.472183338245
8302,retail,False,1776.5569138542462
8303,retail,False,700.7790556269703
8304,retail,False,6054.503951715052
8305,retail,False,1748.539267103901
8306,retail,False,3818.0347396265834
8307,retail,True,5879.327319778412
8308,retail,False,601.792226059997
8309,p2p_broker,False,10271.731450883512
8310,merchant,False,3711.791289792313
8311,retail,False,3284.052198476066
8312,retail,True,7200.479707752094
8313,retail,True,1973.7396125220457
8314,retail,True,2178.903017150398
8315,retail,True,9204.065534846104
8316,merchant,False,27998.450590677057
8317,merchant,False,19690.16792167174
8318,retail,False,167.65134732978908
8319,retail,False,6099.098370130403
8320,retail,False,5794.963665342621
8321,retail,False,2959.657025944017
8322,retail,False,456.1604102886202
8323,merchant,False,11004.034699217336
8324,merchant,False,5526.632479988972
8325,retail,True,5138.399847033981
8326,retail,False,5483.914066913108
8327,retail,False,5811.998148085714
8328,merchant,False,16756.904151560688
8329,retail,True,599.1648164716761
8330,retail,False,46.74648272677435
8331,retail,False,3063.468928347411
8332,retail,False,7892.953256538165
8333,retail,False,3060.274595005955
8334,retail,False,15969.593399312846
8335,retail,False,7803.260769350614
8336,merchant,False,6770.718400421785
8337,retail,False,7518.897965194704
8338,retail,False,2820.9466978342016
8339,retail,True,6076.80539276539
8340,retail,False,8453.609091222736
8341,retail,False,2950.24625772774
8342,retail,False,1251.3585192301919
8343,retail,False,2402.4395136012167
8344,merchant,False,5960.496044891472
8345,retail,False,11055.590201426396
8346,retail,False,1202.0656037331803
8347,retail,True,7273.031674131014
8348,retail,False,706.9804125897421
8349,retail,False,9026.649486885506
8350,merchant,False,20442.05464213255
8351,merchant,False,13748.15324209843
8352,merchant,False,8893.166407602555
8353,retail,False,11032.171629000506
8354,retail,True,2903.9523009559466
8355,retail,False,10248.3855712594
8356,retail,False,1064.5277183879507
8357,retail,False,1911.8958137625095
8358,merchant,False,49279.08557428399
8359,retail,False,873.3810104150103
8360,retail,False,23150.075860949462
8361,merchant,False,7274.489818271911
8362,retail,False,1019.9689816519823
8363,retail,True,3243.196858786574
8364,retail,False,1050.7759670012313
8365,p2p_broker,False,2973.8514149498733
8366,retail,True,2005.3730619535156
8367,retail,False,4179.610541805648
8368,retail,False,418.0906342017787
8369,retail,False,4260.311640300212
8370,retail,False,819.155452354978
8371,retail,False,6301.489756601131
8372,retail,False,376.1759353541902
8373,retail,False,2544.416458637848
8374,retail,False,110.38559857466097
8375,retail,False,10073.020853788006
8376,retail,False,2716.381754024667
8377,merchant,False,1783.5013964018558
8378,retail,False,5244.008207176533
8379,retail,False,4525.835215665403
8380,retail,False,2801.2188498387104
8381,retail,False,1319.2716251187321
8382,retail,False,465.63872994122454
8383,retail,True,3510.8145824824282
8384,retail,False,6156.075811590186
8385,retail,False,5848.452459155049
8386,p2p_broker,False,1681.542278161217
8387,retail,False,6479.00531786567
8388,retail,False,1967.1800927142722
8389,retail,False,9719.123198371837
8390,retail,False,4938.4239688187
8391,retail,False,5661.75551517031
8392,retail,False,407.26812315109015
8393,retail,False,1633.5272732262076
8394,retail,False,3942.8541401681487
8395,retail,False,2372.232159532048
8396,retail,False,5127.2276237903425
8397,retail,False,1524.4639984988592
8398,p2p_broker,False,95.67879003745111
8399,retail,False,548.9307518210848
8400,retail,False,12554.018807874218
8401,retail,False,3401.4995935454012
8402,retail,False,6138.497801068032
8403,merchant,False,2438.006232366781
8404,merchant,False,12303.283132578063
8405,merchant,False,1676.4000616991273
8406,retail,False,2088.0321917228475
8407,retail,False,12895.987441835458
8408,merchant,False,2431.691373105592
8409,retail,True,6471.581373946954
8410,retail,False,5046.077217074574
8411,retail,False,129.42425209530677
8412,retail,False,3740.243473515123
8413,retail,True,1133.4344978638128
8414,retail,False,18032.542026528736
8415,merchant,False,26472.849209387085
8416,merchant,False,6187.177608823384
8417,merchant,False,19353.66988806301
8418,retail,False,1301.017982204326
8419,retail,False,16800.44588619457
8420,retail,True,534.3155272910369
8421,merchant,False,13757.5931271384
8422,retail,False,2320.90693767192
8423,p2p_broker,False,284.80151024015686
8424,retail,False,2346.4018554279764
8425,retail,False,5901.984224546195
8426,retail,False,305.325430590008
8427,retail,False,7225.142251765457
8428,p2p_broker,False,7094.854839640364
8429,retail,False,12187.523142789405
8430,retail,False,983.3037323815255
8431,retail,True,2735.875751864889
8432,merchant,False,2234.1871071050887
8433,retail,False,80.31620775186069
8434,retail,False,5478.681236477667
8435,retail,False,8570.469454092401
8436,retail,False,8435.427195645481
8437,retail,False,7553.677938749253
8438,merchant,False,14703.983127735197
8439,retail,False,729.0903306079018
8440,retail,False,346.11142676763865
8441,retail,False,59.15551826363699
8442,retail,False,10292.598406089168
8443,retail,False,2502.779873727307
8444,merchant,False,3386.6769689957887
8445,retail,False,13095.506785303216
8446,retail,True,18720.206583415576
8447,retail,False,3616.2579840600315
8448,retail,False,2925.61603377076
8449,retail,False,4630.826013179558
8450,merchant,False,9543.432177315955
8451,retail,True,3032.447218048589
8452,retail,False,4264.168976989194
8453,p2p_broker,False,5614.5702630438445
8454,retail,False,1052.9194467184918
8455,retail,False,537.234797073531
8456,p2p_broker,False,33961.17605676359
8457,merchant,False,27886.964102198966
8458,retail,False,15.402683508234816
8459,retail,False,7623.467126303325
8460,merchant,False,15971.246254370642
8461,retail,False,8263.715289837843
8462,retail,True,4236.358718795837
8463,merchant,False,37509.8554262134
8464,retail,False,2254.869788970538
8465,retail,False,1658.5573914566487
8466,retail,False,12921.925255558072
8467,retail,False,377.38384529884974
8468,retail,True,1045.6089154042684
8469,retail,False,6054.865413325681
8470,retail,False,5217.8908701643495
8471,merchant,False,18658.581118675793
8472,retail,False,5669.192061890042
8473,retail,False,1071.1256340854459
8474,retail,False,710.9147285257866
8475,retail,False,1115.191693379323
8476,retail,False,1444.493852522294
8477,retail,False,1683.6920786275966
8478,retail,False,949.5144002275306
8479,merchant,False,14242.2126502264
8480,retail,False,3203.5230389764897
8481,retail,False,29537.002173654055
8482,merchant,False,22249.89674225306
8483,retail,False,149.32234973555956
8484,retail,False,9845.752461256083
8485,merchant,False,14357.665585676923
8486,merchant,False,12621.608501432114
8487,retail,False,5670.1468833563
8488,retail,False,1756.9348492240215
8489,retail,False,3715.004992901166
8490,retail,False,1634.015512113814
8491,merchant,False,6250.591721073396
8492,retail,False,12224.501906786003
8493,merchant,False,27463.710200461253
8494,retail,False,8283.583763787981
8495,retail,False,23734.749603340068
8496,retail,False,2875.7768228081613
8497,merchant,False,5280.874326700969
8498,retail,False,377.8239033956132
8499,retail,False,3023.2665613966656
8500,retail,False,7972.09281683131
8501,retail,False,3953.758676063525
8502,retail,False,1066.2170933050813
8503,retail,False,8424.532665283392
8504,retail,False,13843.871602125624
8505,retail,False,6900.671856723551
8506,retail,True,8579.837089888046
8507,retail,False,1850.014290373997
8508,merchant,False,18541.39592255171
8509,merchant,False,15894.661312924854
8510,retail,False,3480.8238699484073
8511,retail,False,1063.1342118705788
8512,retail,False,4670.680591907662
8513,p2p_broker,False,4212.739193340696
8514,retail,False,4946.13394367895
8515,retail,False,9380.162070625836
8516,merchant,False,76022.16265881268
8517,retail,False,4572.220717639656
8518,retail,False,97365.05687540851
8519,retail,False,516.8997305514363
8520,retail,False,95.83653260674126
8521,retail,False,1992.9280056610087
8522,p2p_broker,False,3086.006407073
8523,retail,False,1697.4516370136837
8524,retail,False,4059.794173000252
8525,merchant,False,13594.694237618185
8526,merchant,False,5141.802072280157
8527,retail,False,1965.0484152314405
8528,retail,False,6182.0404301641065
8529,retail,False,24066.992987451336
8530,retail,False,3761.8965677330957
8531,retail,False,2078.7213704826354
8532,retail,False,7190.523350288124
8533,merchant,False,29327.09659147169
8534,retail,False,7286.819471332799
8535,retail,True,10835.586322029976
8536,retail,False,1863.4289487354326
8537,merchant,False,2886.123214943618
8538,retail,True,12758.703304455386
8539,retail,False,2024.3132495945044
8540,retail,False,1471.8564200652252
8541,retail,False,697.9149912804739
8542,retail,False,4602.171001235739
8543,p2p_broker,False,21008.217474866775
8544,retail,False,4583.780914829022
8545,retail,False,6819.317551552506
8546,retail,False,4766.144583963147
8547,retail,False,3997.6313284502467
8548,retail,True,13796.515964057242
8549,retail,False,3734.2329779388742
8550,retail,False,5382.673221875024
8551,retail,False,276.0324863226527
8552,retail,False,7756.336313826378
8553,retail,True,5333.092641163536
8554,retail,False,6033.883758518523
8555,retail,False,328.2701606256208
8556,retail,False,2881.1191056194925
8557,retail,False,10256.961090839844
8558,retail,False,225.8291153085202
8559,merchant,False,23854.09090789808
8560,retail,False,2088.0420277323788
8561,retail,False,1423.1855011509151
8562,merchant,False,13383.733627736176
8563,retail,False,6213.491095773249
8564,retail,True,4558.319935944367
8565,retail,True,4939.544784456806
8566,merchant,False,6952.256623726135
8567,retail,False,5735.363692075585
8568,retail,False,10739.624010008602
8569,retail,False,1357.8804800702183
8570,retail,False,16458.762494790088
8571,merchant,False,63773.797059420904
8572,merchant,False,13452.220519325896
8573,retail,True,2948.7017374632783
8574,p2p_broker,False,10942.566094638798
8575,retail,False,78833.34679286373
8576,retail,False,11382.402373505356
8577,retail,False,4508.497457477276
8578,retail,False,7089.178720033105
8579,retail,False,637.3419826114532
8580,retail,False,17606.91031486663
8581,retail,False,30120.660966332296
8582,retail,False,1360.9674792370058
8583,retail,False,15461.624084770367
8584,merchant,False,18915.920185076535
8585,retail,False,10655.325084042746
8586,retail,False,308.50614509250516
8587,retail,True,1741.3429994341684
8588,retail,False,4262.824090762676
8589,retail,False,1849.8896287882872
8590,retail,False,563.5667617775622
8591,retail,True,15506.528811521961
8592,merchant,False,8430.167654314293
8593,retail,False,2742.9444521337705
8594,retail,False,10558.836838126448
8595,retail,False,289.33990662736153
8596,retail,False,2548.2779009521787
8597,retail,False,39.099024518464056
8598,retail,False,4294.5084705979725
8599,retail,False,817.7641475457663
8600,retail,False,7586.620058398153
8601,retail,False,2681.215588813847
8602,retail,False,9832.824931009438
8603,p2p_broker,False,998.5268293715135
8604,retail,True,2657.0332795100576
8605,retail,False,4906.950821230005
8606,retail,False,385.55147202420744
8607,retail,False,2691.530123153938
8608,retail,False,6364.310179127938
8609,retail,False,688.8184534513184
8610,retail,False,1109.4355683468561
8611,retail,False,6163.863199114644
8612,retail,False,6807.823790144295
8613,retail,False,4551.297512141953
8614,retail,True,771.806341993924
8615,retail,False,323.5410897811053
8616,retail,False,60460.03249725984
8617,retail,False,2460.051211582089
8618,retail,True,3889.933239415415
8619,retail,False,11661.498071079255
8620,merchant,False,22436.551952494432
8621,retail,False,388.39554659881276
8622,retail,False,11264.887510160159
8623,retail,False,49.92451430816034
8624,retail,False,170.89201460149513
8625,retail,False,5828.0736296844925
8626,retail,False,196.04708039638768
8627,merchant,False,15629.837700427572
8628,retail,False,3970.8812473990643
8629,merchant,False,1538.6775493862374
8630,retail,False,1318.4762681883103
8631,retail,False,979.2834350098234
8632,retail,False,6893.867701990731
8633,retail,False,2257.340433022057
8634,retail,False,7301.772172150032
8635,retail,False,631.2062273202391
8636,retail,False,3324.9269139373714
8637,retail,False,2790.116506301614
8638,retail,False,7346.252534462621
8639,retail,True,1855.2914484857886
8640,retail,False,111.3306882859151
8641,p2p_broker,False,3073.874389376677
8642,retail,False,533.0766377636917
8643,retail,False,8882.023353372722
8644,retail,False,16782.878749890693
8645,retail,True,4084.1512530124783
8646,retail,False,3481.0400201844627
8647,retail,False,1341.823398470676
8648,retail,True,678.5446410777433
8649,retail,False,4483.108947787883
8650,retail,False,1510.610177903107
8651,merchant,False,8905.908908705107
8652,p2p_broker,False,3874.2632252455187
8653,retail,False,81.69086159982406
8654,retail,False,1635.188690690637
8655,retail,False,536.1949048364125
8656,retail,False,10197.901431702776
8657,retail,False,3197.1220667018574
8658,retail,False,3563.4022424162895
8659,retail,False,1133.2097741155371
8660,retail,False,1832.5048115752725
8661,retail,False,430.2451314105804
8662,escrow,False,8834.80706193107
8663,merchant,False,17806.356930667513
8664,retail,False,3835.462547973042
8665,retail,False,7042.723203067958
8666,retail,True,638.2466108473192
8667,retail,False,5071.917556020402
8668,retail,False,2181.414779702756
8669,merchant,False,23474.39927946966
8670,retail,True,4130.405432429682
8671,retail,False,3939.1262304997194
8672,p2p_broker,False,2596.4018543405173
8673,retail,False,5038.957313898517
8674,retail,False,17857.138982495548
8675,retail,True,1036.8911665414105
8676,retail,False,22234.86597928838
8677,retail,False,5062.039523861803
8678,retail,False,2039.0732136718686
8679,retail,False,1028.7544842112106
8680,retail,False,2132.062593259474
8681,retail,False,11246.350536034604
8682,retail,False,1770.9574806339692
8683,merchant,False,39046.77243056383
8684,retail,False,3290.931467260573
8685,retail,False,2735.267751363924
8686,retail,False,1794.2325162460847
8687,retail,False,7809.043661725181
8688,retail,False,4475.295410490221
8689,merchant,False,18221.769619866725
8690,retail,False,10069.629246913439
8691,retail,False,15087.73048178673
8692,retail,False,11363.785916738545
8693,retail,False,2308.1768902820813
8694,retail,True,1324.9970720049978
8695,retail,False,11246.198453787736
8696,retail,False,549.221947204843
8697,retail,False,611.8598458687691
8698,retail,False,8753.560537457215
8699,retail,False,3424.6101513586405
8700,retail,False,5252.84057911428
8701,retail,False,170.12005533258508
8702,retail,False,3.2522617391511375
8703,retail,False,4982.222390472578
8704,retail,False,1250.382491374008
8705,retail,False,282.10786648604517
8706,retail,True,4444.7766183096655
8707,retail,False,858.3403970106936
8708,retail,False,16783.365901436624
8709,retail,False,8761.872970875585
8710,retail,False,1912.5986957780535
8711,retail,False,150.58590837187523
8712,retail,False,7848.853516388821
8713,retail,False,11451.155886008672
8714,retail,False,3837.576749686638
8715,retail,False,10030.827756768564
8716,retail,False,9739.403341818917
8717,retail,False,3619.3124560214133
8718,retail,False,3209.64160450808
8719,retail,False,14987.395690181076
8720,merchant,False,11344.756593748052
8721,retail,False,200.26319900873835
8722,retail,False,6296.874243482375
8723,retail,False,4566.175463102169
8724,retail,False,100.43590523740458
8725,merchant,False,5441.221655746598
8726,escrow,False,4664.99047219951
8727,retail,False,490.98472855922597
8728,retail,False,3153.1195771143907
8729,retail,True,2742.3625624325473
8730,retail,False,615.5806358626797
8731,retail,False,24.184008967608133
8732,retail,False,3902.6671571001116
8733,retail,False,4516.271745917637
8734,retail,False,1666.6053706762225
8735,retail,False,4041.7488924475842
8736,retail,True,906.0605846384718
8737,retail,False,3060.408477189896
8738,retail,False,253.68783649226845
8739,retail,False,4303.361458869671
8740,retail,False,37.06270292603212
8741,retail,True,780.440819247496
8742,retail,False,5614.260788386908
8743,retail,False,6967.890745219262
8744,retail,False,3700.676442729361
8745,retail,False,1263.5658418868588
8746,retail,False,1272.9708553028092
8747,merchant,False,2673.4254534807133
8748,retail,False,5123.881907155565
8749,retail,True,1168.9851429293624
8750,retail,False,748.174507120516
8751,retail,False,2377.477965742975
8752,retail,False,1693.979411707824
8753,merchant,False,3214.754305774128
8754,retail,False,8830.43905894216
8755,retail,False,1747.803320026182
8756,retail,False,3697.026690073966
8757,retail,False,1190.5340186492467
8758,retail,False,226.97417500898027
8759,retail,False,8926.308159558863
8760,retail,False,6312.6223808509985
8761,retail,True,4488.488037748474
8762,retail,False,1709.820607754355
8763,retail,True,15793.28566722845
8764,retail,False,871.7806977747116
8765,retail,False,474.1561766726191
8766,retail,False,1026.8381908553201
8767,p2p_broker,False,3216.4967033791577
8768,retail,False,12464.625070698756
8769,retail,False,2388.4758306137105
8770,retail,False,4618.672947815339
8771,p2p_broker,False,645.198808521227
8772,retail,False,722.601495798411
8773,retail,False,432.20606736298356
8774,retail,False,1644.4761398357252
8775,retail,False,198.86196558195144
8776,retail,False,1617.7198618706439
8777,retail,False,4435.647578829731
8778,merchant,False,783.5181957272956
8779,retail,False,210.48956342999526
8780,retail,True,12369.685098095344
8781,retail,False,4267.828545438008
8782,p2p_broker,False,3618.3869436609557
8783,retail,False,4123.86095930688
8784,retail,False,9756.724371313137
8785,retail,True,1445.0631452385671
8786,retail,True,456.6851700849189
8787,retail,True,6586.342049660689
8788,retail,False,14673.497197200626
8789,merchant,False,16849.557356129197
8790,merchant,False,17264.53532053875
8791,merchant,False,2919.851028607497
8792,retail,False,12798.572358527585
8793,retail,False,673.3349180464678
8794,retail,False,3259.325521311059
8795,retail,False,4761.439819450608
8796,retail,False,542.625227195309
8797,retail,False,1300.3107834974514
8798,retail,False,7853.84147125449
8799,retail,True,1825.6816574721638
8800,retail,False,608.1545914954536
8801,retail,False,8513.13646168078
8802,retail,True,7102.13035983681
8803,retail,False,13997.939750972151
8804,retail,False,2106.196859023329
8805,retail,False,22735.03199332392
8806,retail,False,2049.188807300234
8807,retail,False,3940.347171187067
8808,merchant,False,8023.962148372763
8809,merchant,False,34060.615978293295
8810,merchant,False,24380.09566716316
8811,escrow,False,6224.3138001305615
8812,retail,False,3439.410293614547
8813,p2p_broker,False,4556.913476835192
8814,merchant,False,6429.1143596238235
8815,retail,False,1430.34946715827
8816,merchant,False,2103.91437884378
8817,retail,False,11400.50850825893
8818,retail,False,7583.459244452164
8819,merchant,False,33359.7592695439
8820,retail,False,3514.894495670577
8821,retail,False,1282.77730500243
8822,retail,False,19358.83946986448
8823,retail,False,5314.338929788344
8824,merchant,False,2380.267833206162
8825,merchant,False,37001.776763814545
8826,retail,False,15212.538451510227
8827,p2p_broker,False,999.2004832845591
8828,retail,False,4263.085895813439
8829,p2p_broker,False,910.386379807379
8830,retail,False,2864.0985060881835
8831,retail,False,2232.9899291744973
8832,retail,False,3419.9876348434004
8833,retail,False,266.30408957515635
8834,retail,False,1681.6962081307374
8835,retail,False,840.4026285196464
8836,retail,False,2251.1057510502737
8837,retail,False,1599.0457081262473
8838,retail,False,2766.4645025008613
8839,retail,False,2424.673205625473
8840,retail,False,7353.955212424506
8841,retail,False,2028.583443464525
8842,retail,False,3024.6993534150297
8843,retail,False,42.83006009409411
8844,retail,False,2148.129164535366
8845,retail,False,2542.279412464656
8846,merchant,False,3808.198590057118
8847,retail,True,6033.4621576202735
8848,retail,False,2341.5211353143204
8849,p2p_broker,False,3585.3600926186646
8850,retail,False,153.48192583627988
8851,retail,False,2354.505073885165
8852,retail,False,2435.300611151199
8853,retail,False,35921.022103119554
8854,retail,True,8651.730771488914
8855,retail,False,1348.4432673939855
8856,merchant,False,8823.502846983241
8857,p2p_broker,False,811.2406307172728
8858,retail,False,4044.472032346712
8859,retail,False,5211.3306489746055
8860,retail,False,1026.9042464771474
8861,retail,False,478.33108366036043
8862,merchant,False,31486.62731444593
8863,retail,False,5551.310042843159
8864,retail,False,7541.410236115323
8865,retail,False,4773.0835055870275
8866,retail,False,4064.194439041859
8867,retail,False,3166.0441497204415
8868,retail,False,9494.499258889622
8869,retail,False,36.537996441565525
8870,retail,False,4006.823629107347
8871,merchant,False,15463.27367558946
8872,retail,False,3418.49268576765
8873,retail,False,784.7263867188365
8874,retail,True,8850.798711845055
8875,retail,False,38.08912046115543
8876,merchant,False,41229.06082477091
8877,retail,True,2562.615930977452
8878,retail,False,2274.717296554515
8879,retail,False,19988.415969495854
8880,retail,False,24877.022520244376
8881,merchant,False,14772.438123970336
8882,retail,False,24.54521456401403
8883,retail,False,2629.4605706878847
8884,retail,False,7300.352485371042
8885,retail,False,115.81873593195432
8886,retail,False,2413.149152386667
8887,retail,False,5189.845439913396
8888,retail,False,4156.813192453984
8889,retail,False,1690.4070529257574
8890,retail,False,88.4832064143158
8891,retail,False,896.4091770229708
8892,retail,False,6173.187023681592
8893,retail,False,17571.958005134773
8894,retail,False,8991.92406612938
8895,retail,False,5976.48291539075
8896,retail,False,9911.976821554184
8897,retail,False,1390.556494447261
8898,retail,False,2831.5594319164074
8899,retail,False,3346.0341623056765
8900,retail,False,5784.60368172597
8901,merchant,False,16397.238043066467
8902,retail,False,5.0403367512966355
8903,retail,False,272.69798776129227
8904,merchant,False,10905.912829400007
8905,retail,False,850.5362696406037
8906,retail,False,9584.457828652487
8907,merchant,False,7623.430980621317
8908,retail,False,6323.3935983723795
8909,retail,False,2347.97116151296
8910,retail,False,3309.084060631366
8911,retail,False,37770.05405774892
8912,retail,False,4865.785328003202
8913,retail,False,15192.733309189649
8914,retail,False,758.1591169438271
8915,retail,False,10874.113118630507
8916,retail,False,935.0219656160474
8917,retail,False,915.2862432537117
8918,merchant,False,17836.23724081632
8919,retail,False,752.9403614334947
8920,retail,False,17650.160628756195
8921,retail,True,10127.33299315448
8922,retail,False,3951.137051189406
8923,retail,False,6221.089431933862
8924,retail,True,434.40380652499687
8925,retail,False,7978.581186709362
8926,retail,False,1209.4474636883479
8927,p2p_broker,False,10705.072260061226
8928,retail,False,25043.118528996994
8929,retail,False,12143.511207192782
8930,retail,False,1158.755970536501
8931,retail,False,8022.870376720132
8932,retail,False,11676.97438512111
8933,p2p_broker,False,2432.6705200635124
8934,merchant,False,1107.8210233711884
8935,p2p_broker,False,7010.976866044703
8936,retail,True,9740.475053129594
8937,retail,False,3522.400647610393
8938,retail,True,5666.6607673868
8939,merchant,False,7928.802699184447
8940,retail,False,13244.995664926148
8941,retail,False,173.0689504650061
8942,retail,False,9837.786606022762
8943,retail,False,946.2381876954737
8944,retail,False,4458.646573063554
8945,retail,False,584.6890078747801
8946,retail,False,1642.924515419815
8947,retail,False,2998.214611575562
8948,retail,False,7918.00227341996
8949,retail,True,8099.851977471454
8950,retail,False,820.6892980280027
8951,retail,False,1513.0892957096335
8952,retail,False,9311.431952447187
8953,p2p_broker,False,5267.637669884763
8954,retail,False,9003.914162055047
8955,retail,False,6218.091173660358
8956,retail,False,170.77869021055895
8957,retail,False,30220.19685385714
8958,retail,False,3825.0703780852855
8959,retail,False,4850.439163036614
8960,retail,False,874.6297781620273
8961,retail,False,9620.083650582053
8962,retail,False,473.381243377428
8963,retail,False,10008.188274510869
8964,retail,False,428.56111993563064
8965,retail,False,1444.6050882667016
8966,retail,False,918.16224157569
8967,retail,False,6709.488087926872
8968,merchant,False,4652.923496759868
8969,retail,False,29350.707394150453
8970,merchant,False,14194.059631633329
8971,retail,False,2889.93622695368
8972,merchant,False,33422.72559165439
8973,retail,False,642.8715039798983
8974,retail,False,7204.04155492856
8975,retail,False,7532.120377203719
8976,retail,False,15251.640267361816
8977,merchant,False,24093.300444165627
8978,retail,False,116.45367494198462
8979,retail,False,70.61450952648296
8980,retail,False,560.5587067987968
8981,retail,False,5855.503391066437
8982,retail,False,26782.639712766235
8983,merchant,False,9568.512631725673
8984,retail,False,5138.986148079661
8985,retail,False,5366.176570401549
8986,retail,False,1386.1164762290223
8987,p2p_broker,False,5776.668166785632
8988,retail,False,2797.3974726260735
8989,retail,False,1696.762410351989
8990,merchant,False,3815.396030695366
8991,retail,True,6109.819050832364
8992,retail,False,5685.970898035382
8993,retail,False,19313.991652995668
8994,retail,False,7124.496262760216
8995,merchant,False,17232.36785799586
8996,merchant,False,10293.431673527151
8997,retail,True,4905.205960982221
8998,p2p_broker,False,5600.404585418828
8999,retail,False,25189.30154593943
9000,merchant,False,4640.787581783399
9001,retail,False,521.6389518434562
9002,retail,False,12358.458206239178
9003,retail,False,3033.1959436895468
9004,retail,False,15012.817532964418
9005,retail,False,10682.345556016102
9006,retail,False,251.59022763152828
9007,retail,False,4190.893526887966
9008,retail,False,6008.113332008358
9009,retail,False,2359.64067771376
9010,retail,False,9411.6869967715
9011,retail,False,6661.924912870486
9012,merchant,False,2614.4336425390175
9013,retail,False,2810.8268156735444
9014,p2p_broker,False,3383.639187065895
9015,merchant,False,3292.2031070396324
9016,retail,False,1672.1202695922339
9017,retail,False,333.42675537864403
9018,retail,False,3194.5294592199843
9019,merchant,False,22989.131905480495
9020,retail,False,9677.175836038095
9021,escrow,False,9308.477486663287
9022,merchant,False,42061.86830725915
9023,retail,False,7573.667384069031
9024,retail,False,662.9687326883414
9025,retail,False,8176.298937575247
9026,retail,False,6214.348209640868
9027,merchant,False,1328.9195910369692
9028,retail,False,26502.12941473179
9029,retail,False,8477.325118377406
9030,retail,False,478.8109685944696
9031,merchant,False,12895.645666109218
9032,retail,False,528.1342880153123
9033,merchant,False,14232.227039341464
9034,retail,False,21479.876915769542
9035,retail,False,548.8890465189012
9036,merchant,False,29420.490336509283
9037,retail,False,10035.79427945508
9038,retail,False,5334.411820472444
9039,retail,False,7662.897803242242
9040,retail,False,7349.811386709859
9041,retail,False,702.8476185055022
9042,retail,False,1059.4903272487836
9043,retail,False,19510.315406361275
9044,retail,False,18449.63270510281
9045,retail,False,1152.9777706966784
9046,retail,False,2089.315599341106
9047,retail,True,4822.303386926635
9048,escrow,False,1727.8726455853807
9049,retail,True,24046.829449125988
9050,retail,False,1032.6352760776028
9051,retail,False,1054.3120773667586
9052,merchant,False,7810.11669884862
9053,retail,False,4945.459066070964
9054,merchant,False,6730.09143413014
9055,merchant,False,14002.857085515996
9056,retail,True,4024.8462509504084
9057,escrow,False,4103.761193180525
9058,retail,False,1492.7454755239567
9059,merchant,False,25787.186244088025
9060,merchant,False,36029.30432337325
9061,merchant,False,13163.420950081423
9062,retail,False,4992.925867296942
9063,retail,False,2767.4197596856184
9064,retail,False,5496.135240906304
9065,retail,False,607.9215765925703
9066,retail,False,5687.4282293997
9067,retail,False,3438.446793800837
9068,retail,False,1001.2404470154715
9069,retail,False,2294.3584888789837
9070,retail,False,10484.532143066184
9071,retail,False,18251.57223853721
9072,retail,False,87.70575482576885
9073,retail,True,462.0830934009543
9074,retail,True,14094.445825113926
9075,retail,False,13521.345414862217
9076,merchant,False,4527.776934401814
9077,retail,True,1602.7713834127358
9078,retail,False,778.1692991437429
9079,retail,False,12358.04128823943
9080,retail,False,486.02908626601186
9081,retail,False,20.26748471149837
9082,retail,False,2033.6040690206426
9083,retail,False,9243.019803531948
9084,retail,False,44717.36722252732
9085,retail,False,459.2712172653968
9086,retail,False,1760.822418887115
9087,merchant,False,8163.218944574308
9088,retail,False,1441.151419807829
9089,retail,True,13618.621349644796
9090,retail,False,589.2808153803504
9091,retail,False,963.4305032502981
9092,retail,True,2554.908258412226
9093,retail,True,3038.3810150583417
9094,retail,False,28824.13392777639
9095,retail,False,7725.223846551235
9096,retail,False,4632.660147454546
9097,retail,False,5042.645177274636
9098,retail,False,11197.996024918557
9099,p2p_broker,False,8903.64891571334
9100,retail,True,3117.5076557557454
9101,retail,False,18005.47694038211
9102,retail,False,4094.6995530824356
9103,retail,False,52.13652014973323
9104,retail,False,28171.186006018474
9105,retail,False,1977.542506417619
9106,retail,False,5258.502648601658
9107,retail,False,4884.487973596189
9108,merchant,False,11094.821801874607
9109,retail,False,1628.324641470915
9110,p2p_broker,False,7813.719633199202
9111,retail,False,16297.734297703415
9112,retail,False,1493.8379354652282
9113,retail,False,2642.1239697387646
9114,retail,False,6100.421122706698
9115,merchant,False,32815.8252792209
9116,retail,False,4078.6661880399147
9117,retail,False,9524.094637220722
9118,retail,True,128.86596634163615
9119,merchant,False,573.5948811551589
9120,retail,False,18087.407588988106
9121,p2p_broker,False,659.3304775784989
9122,merchant,False,13071.420854584036
9123,retail,True,45143.819918050205
9124,merchant,False,56111.52450318168
9125,p2p_broker,False,86.3015041790336
9126,retail,False,518.3638038575576
9127,retail,False,6286.495837535732
9128,retail,False,1296.7447526375124
9129,retail,False,2479.518606111073
9130,retail,False,880.516620139286
9131,retail,False,2109.809151486411
9132,retail,False,2535.578596132331
9133,retail,False,25252.765807708063
9134,retail,False,2613.3185619116066
9135,retail,False,6644.735867616936
9136,retail,False,4462.917707608718
9137,retail,False,9723.124678331924
9138,retail,False,6031.637392687724
9139,retail,False,1310.4142112927661
9140,retail,False,264.4219011055555
9141,merchant,False,4318.131757873617
9142,retail,False,6570.906729554721
9143,retail,False,2183.672725349525
9144,retail,False,4922.0097820340425
9145,retail,False,7803.921361474115
9146,retail,False,5555.596741936885
9147,retail,False,14024.573338400494
9148,retail,False,625.5820937213988
9149,retail,True,3623.938799398034
9150,retail,False,775.7266084598763
9151,retail,False,628.2572599616814
9152,retail,False,2460.879790773364
9153,p2p_broker,False,11571.56488271326
9154,retail,False,276.5354306136643
9155,merchant,False,2925.7914626732745
9156,retail,False,11681.861417961296
9157,retail,False,4250.800898562722
9158,retail,False,5659.193507570012
9159,retail,False,3726.741200273337
9160,retail,True,11937.53455286519
9161,merchant,False,6516.768099704062
9162,retail,False,1614.7963589806131
9163,retail,False,2022.9654577464848
9164,retail,False,258.2387009177136
9165,retail,False,7938.623374509604
9166,retail,False,3798.4055967141367
9167,retail,False,3617.227749937597
9168,retail,False,3915.9919354726776
9169,retail,False,8837.208054805811
9170,retail,False,2388.9065377197667
9171,retail,True,8163.5468925713385
9172,retail,False,5449.062211280496
9173,retail,False,5898.554343464428
9174,merchant,False,15450.40395991911
9175,escrow,False,8774.09914350122
9176,retail,False,9313.167713743585
9177,retail,True,3659.8748977331643
9178,retail,True,1206.688993615333
9179,retail,False,447.7554510757286
9180,retail,False,7980.51911624037
9181,retail,False,913.3452921922137
9182,retail,False,1164.0682998619827
9183,p2p_broker,False,821.0512153499885
9184,retail,False,490.18739934410246
9185,p2p_broker,False,5009.260411282282
9186,retail,False,4006.0859165862676
9187,retail,False,5044.623759507497
9188,retail,False,2753.8007382019523
9189,retail,False,943.9447478418409
9190,retail,False,5014.856899013488
9191,retail,False,5331.06367531194
9192,retail,False,850.6909067906971
9193,retail,False,1103.5794882205726
9194,retail,True,12918.955058805268
9195,retail,False,1330.4812176617975
9196,retail,False,12304.428861075414
9197,retail,False,3408.659223266001
9198,retail,False,2978.07020074234
9199,retail,False,2847.012513224766
9200,retail,False,7247.322772500989
9201,p2p_broker,False,938.4565971713782
9202,retail,False,2442.84520871152
9203,retail,False,8441.55249262102
9204,retail,False,3781.8629897992378
9205,merchant,False,7788.888896703503
9206,retail,False,5117.134644747529
9207,retail,False,794.0319308467479
9208,retail,False,466.8924246860794
9209,retail,False,4005.390662154211
9210,merchant,False,3105.4113306884724
9211,retail,False,2052.650125069183
9212,retail,False,5422.0427791061
9213,retail,False,400.7418465096648
9214,retail,False,9144.028801485872
9215,retail,False,3805.346267163963
9216,p2p_broker,False,9927.485399599944
9217,escrow,False,59.6992673638747
9218,retail,False,8211.20459083315
9219,retail,False,1151.4467053158173
9220,p2p_broker,False,1681.4651236784016
9221,retail,True,2946.588648252448
9222,retail,False,5053.518890625978
9223,retail,False,1786.848043298407
9224,retail,True,9393.346516631227
9225,merchant,False,19739.83695463693
9226,escrow,False,22529.52470076077
9227,retail,False,449.1554362263574
9228,retail,False,568.6975240506458
9229,retail,True,4470.0359071356215
9230,retail,False,75.53274302518452
9231,retail,False,6802.8332973467495
9232,retail,False,6939.664403929004
9233,merchant,False,12924.38830687296
9234,retail,False,5476.388520658268
9235,retail,False,21101.664378954025
9236,retail,False,20929.076712197133
9237,retail,False,9023.76307246155
9238,retail,False,341.2677471403933
9239,p2p_broker,False,9167.859838052857
9240,retail,False,901.186223073431
9241,retail,False,2377.8721128823713
9242,retail,False,290.58844602640414
9243,retail,False,3161.7176045341416
9244,retail,False,782.0225396901158
9245,retail,True,1379.6127366148232
9246,retail,False,8398.537968702976
9247,retail,False,5374.904797530715
9248,retail,False,16.33885910858011
9249,merchant,False,7187.888083484566
9250,retail,False,6480.017516030877
9251,retail,False,1051.2971708623302
9252,retail,True,4351.192757793687
9253,retail,False,7668.001829134792
9254,merchant,False,21934.188276057295
9255,retail,False,5402.422735139951
9256,retail,False,9150.948247721093
9257,merchant,False,6049.8387489310535
9258,retail,False,8826.717485421133
9259,retail,False,850.3456694733861
9260,p2p_broker,False,6799.059005514752
9261,retail,False,1629.5569546621216
9262,retail,False,19153.84183741118
9263,merchant,False,4424.036592119094
9264,retail,False,4989.373845679944
9265,retail,False,2337.5206860425433
9266,retail,False,1535.9430219438152
9267,merchant,False,793.7944794377415
9268,merchant,False,46793.55985861398
9269,merchant,False,13195.688748911094
9270,retail,False,18240.444528164415
9271,retail,True,206.78823909043655
9272,merchant,False,11843.227991927462
9273,retail,False,7134.320444405016
9274,retail,False,790.0285452329367
9275,retail,False,6863.963331311279
9276,merchant,False,10788.208945385266
9277,retail,False,8979.457442827417
9278,retail,False,15370.69582247714
9279,merchant,False,12252.46039724405
9280,merchant,False,10470.12669320963
9281,escrow,False,1716.6738526046706
9282,retail,False,812.6532775271012
9283,retail,False,4374.022605902676
9284,retail,False,3695.3910695377363
9285,retail,False,7456.116350023703
9286,merchant,False,6458.51303013858
9287,retail,False,127.15700322584846
9288,retail,False,1732.478850565172
9289,retail,False,644.7294582036142
9290,retail,False,1448.538611030256
9291,merchant,False,25167.67302459892
9292,retail,False,3898.6772099855098
9293,retail,False,7896.439389381212
9294,retail,False,2216.536653857173
9295,retail,False,43383.318074897914
9296,retail,False,5668.735630771508
9297,merchant,False,11499.392887381047
9298,retail,False,10089.322954265772
9299,retail,False,199.20856746155158
9300,retail,False,6002.786898476315
9301,retail,False,7200.867384989553
9302,retail,False,6607.155494279069
9303,retail,False,4544.877520208752
9304,retail,False,3698.3168780906904
9305,retail,False,2746.031397184232
9306,merchant,False,29783.42965805987
9307,merchant,False,3016.645970297956
9308,retail,False,8009.307846642955
9309,retail,False,3116.977333642544
9310,retail,False,1933.38492857547
9311,retail,True,46436.85135857859
9312,retail,False,747.9034517134938
9313,retail,False,2719.560238586703
9314,retail,True,1721.2735076982963
9315,merchant,False,6880.067101329258
9316,merchant,False,18253.49117395769
9317,retail,False,1018.2512744077493
9318,retail,True,3118.689996887485
9319,retail,False,5017.7516335096325
9320,retail,False,343.4776975649869
9321,retail,False,3184.731257958998
9322,retail,False,8852.139417839324
9323,retail,False,2431.3463082604685
9324,retail,False,6561.939765779448
9325,retail,False,332.70221409968605
9326,retail,False,2190.4268895534137
9327,retail,False,7217.76467988157
9328,retail,False,3885.0138107815133
9329,retail,False,5230.677804978693
9330,retail,False,275.5075937841295
9331,retail,True,853.043309699947
9332,retail,False,193.89604611239884
9333,retail,False,1528.6566690045156
9334,retail,False,1573.0048059701348
9335,merchant,False,1636.0642293463825
9336,retail,False,13872.542701435674
9337,retail,False,3059.617828042521
9338,retail,False,10802.501682535054
9339,retail,False,51208.3501490888
9340,retail,True,1170.858806061721
9341,retail,False,10728.949756284866
9342,merchant,False,8592.527360562628
9343,retail,True,6247.807992579922
9344,retail,True,3482.6124533330217
9345,retail,False,1426.1398381370122
9346,retail,False,3937.527337842476
9347,merchant,False,9227.79186913185
9348,retail,False,1856.169604577132
9349,retail,False,3265.4521146351462
9350,retail,False,1988.2313600886457
9351,retail,True,2869.2363377785427
9352,retail,False,2602.987382840569
9353,retail,False,2649.798107910943
9354,retail,False,1639.9741603636905
9355,retail,False,19883.086711547097
9356,p2p_broker,False,2205.6472935984298
9357,retail,False,21824.59912954302
9358,retail,False,22627.207692925953
9359,retail,False,1552.7974043519832
9360,retail,False,3953.4660302340158
9361,retail,False,4179.011821360146
9362,retail,False,9324.661697617585
9363,retail,False,3697.3696242321157
9364,retail,False,115.97676455128466
9365,retail,False,1530.2572844052736
9366,retail,False,81.46326975876939
9367,merchant,False,12536.87823551488
9368,retail,False,10403.67792608401
9369,retail,True,29096.431214051805
9370,merchant,False,51938.70232822788
9371,retail,False,4232.156804226715
9372,retail,False,9110.04792823158
9373,p2p_broker,False,7616.85750300634
9374,retail,False,9466.74631741938
9375,retail,True,2141.049350753761
9376,escrow,False,668.2737902261215
9377,retail,False,233.6758494712644
9378,retail,False,1331.9863264063654
9379,retail,True,807.6373609481668
9380,retail,True,35755.28255018999
9381,retail,False,5041.793321466856
9382,retail,False,2154.9693479746006
9383,merchant,False,16791.99261781279
9384,retail,False,3367.745539082324
9385,retail,False,2596.3014312291393
9386,merchant,False,4967.599256290909
9387,merchant,False,20093.37508228812
9388,retail,False,144.61252834876694
9389,retail,False,81431.4400158534
9390,retail,True,731.4868954755586
9391,merchant,False,13578.768884726274
9392,retail,False,10638.675785487783
9393,retail,False,1389.797763967347
9394,retail,False,4332.217283107859
9395,retail,False,1321.1410933428458
9396,retail,False,1323.551162911561
9397,merchant,False,2952.030018227106
9398,retail,False,2427.3441928848074
9399,retail,False,1154.9450782676631
9400,retail,False,121.71179350350911
9401,retail,False,843.0490339873469
9402,retail,False,216.1550425118453
9403,retail,False,3656.0611053183134
9404,retail,False,266.16725548354674
9405,retail,False,2432.8563709884834
9406,retail,False,16011.810022459507
9407,retail,False,3012.5646647481553
9408,retail,True,10817.779980423216
9409,retail,False,1386.3786031556303
9410,retail,False,411.89271872673
9411,retail,False,3306.1682318666253
9412,retail,False,2729.6223927191513
9413,p2p_broker,False,1777.1512146368077
9414,merchant,False,7939.29733045993
9415,retail,False,3505.164480140762
9416,retail,False,903.2494829943514
9417,retail,False,1145.2246162918375
9418,retail,False,3148.3306386807926
9419,p2p_broker,False,2185.601864111417
9420,retail,True,2244.793457269536
9421,retail,True,45.98185904082766
9422,retail,False,6992.411082866467
9423,retail,False,4060.79523865101
9424,retail,False,7242.467824051741
9425,retail,True,1180.8520590276048
9426,retail,False,7141.767240483676
9427,retail,False,2751.518941084453
9428,retail,False,7443.438008382465
9429,merchant,False,5513.709633337171
9430,retail,False,2205.465969581467
9431,retail,False,4497.15536371234
9432,retail,False,264.36928048408896
9433,retail,True,408.5497654728128
9434,retail,False,8417.374182696365
9435,retail,True,10044.416402860186
9436,retail,False,7682.588958254897
9437,retail,False,563.105833925998
9438,retail,False,3877.2848516313743
9439,retail,False,3482.750315751271
9440,retail,False,360.01888550772446
9441,merchant,False,6011.564281823291
9442,retail,False,2029.2995578958553
9443,retail,False,13539.233130326289
9444,retail,False,4.779195979610876
9445,retail,False,5550.6173682056
9446,retail,True,14365.12389307107
9447,retail,False,219.46871915698915
9448,retail,False,3848.210556266289
9449,retail,False,6048.522824755628
9450,merchant,False,1569.082619729146
9451,retail,False,3435.6318393614415
9452,merchant,False,11170.426395629645
9453,retail,False,1199.589785992119
9454,retail,False,6520.111296134708
9455,retail,False,12191.106947516171
9456,retail,False,27815.931020148542
9457,retail,True,3735.0033637693305
9458,retail,False,9207.539991355827
9459,p2p_broker,False,4291.392317554075
9460,merchant,False,4258.214555318139
9461,retail,True,1723.9389614714296
9462,retail,False,861.5809327570587
9463,retail,False,1116.8707852691439
9464,p2p_broker,False,9687.133987019568
9465,retail,False,7672.794459375573
9466,retail,False,3074.8373590645306
9467,retail,False,323.60224754494413
9468,retail,True,10196.046813708754
9469,retail,False,14033.198955162987
9470,retail,False,88.50588632254025
9471,retail,False,1360.0178232965648
9472,retail,False,16056.093406117285
9473,retail,False,6465.931983115708
9474,retail,False,919.5714547452869
9475,p2p_broker,False,918.358382355796
9476,retail,False,3156.436623993881
9477,retail,False,8956.986462688885
9478,retail,False,2942.748512539543
9479,retail,False,6095.76733817775
9480,p2p_broker,False,767.0086710261883
9481,retail,False,3387.1442892811506
9482,escrow,False,9763.58197260262
9483,retail,False,536.8762006588609
9484,retail,False,194.05398567956408
9485,retail,False,1068.1234547175036
9486,retail,False,4583.2954279991145
9487,retail,True,6247.158105940527
9488,p2p_broker,False,3359.2717320824772
9489,merchant,False,4287.927070690934
9490,retail,False,4345.007276203619
9491,merchant,False,46074.96376662493
9492,merchant,False,52122.00190619488
9493,retail,True,1760.5106856614966
9494,retail,False,5926.392597203421
9495,retail,False,403.3269077696575
9496,retail,False,329.4476374857133
9497,retail,False,23502.001187201742
9498,p2p_broker,False,3856.964978410304
9499,retail,True,4210.303729168376
9500,retail,False,5839.404660280477
9501,retail,False,892.3824645114443
9502,retail,False,3247.6365884327647
9503,retail,False,18406.53145661034
9504,retail,True,2751.1267635948966
9505,retail,False,535.9334644036414
9506,retail,True,361.4411276820991
9507,retail,False,1714.521933520731
9508,retail,True,2755.953992852466
9509,retail,True,16416.65061627557
9510,retail,False,3414.206841325707
9511,retail,False,1998.3399576521606
9512,retail,True,967.1232307961992
9513,merchant,False,1856.6525270265915
9514,retail,False,4385.818035612183
9515,merchant,False,1611.1952590403057
9516,merchant,False,11416.21610782761
9517,retail,False,8577.966010097407
9518,retail,False,724.2532778158044
9519,retail,False,212.94416676162157
9520,merchant,False,8758.520727510744
9521,retail,False,3323.5414886538088
9522,retail,False,6106.764852397348
9523,retail,False,664.316036411311
9524,retail,False,1989.8109084737575
9525,retail,False,5041.524944367385
9526,retail,False,11388.476653228494
9527,retail,False,3322.8720519488065
9528,merchant,False,33660.39599209244
9529,retail,False,103.27712339847564
9530,retail,False,43.52005064865529
9531,retail,False,172.4582034717643
9532,p2p_broker,False,752.3289465814855
9533,retail,True,10933.365045019269
9534,merchant,False,14786.060354207784
9535,retail,False,14625.38607205437
9536,merchant,False,38764.45186216378
9537,retail,False,3145.2772578606496
9538,retail,False,3298.6005466956176
9539,retail,False,4432.846357265532
9540,p2p_broker,False,3690.5300636608154
9541,p2p_broker,False,1052.376563124123
9542,retail,False,2022.6220531289898
9543,retail,False,326.2550723317123
9544,retail,False,250.99000674657916
9545,retail,False,1973.3980713418339
9546,retail,False,97.57896770707146
9547,retail,False,2507.3026821429103
9548,retail,False,3252.931737415469
9549,retail,False,7332.843487576118
9550,merchant,False,11317.848427812352
9551,retail,False,37913.87933768063
9552,retail,False,8626.745519099233
9553,retail,False,2665.117828444332
9554,retail,True,5119.543075869463
9555,retail,False,28456.30426432456
9556,retail,False,2677.097672303986
9557,retail,True,1855.9847302570463
9558,retail,False,2141.1365896620773
9559,retail,True,5649.803592889208
9560,retail,False,3769.1727032506715
9561,retail,False,161.6183827653537
9562,retail,False,442.92376184597947
9563,retail,False,1223.3041651876151
9564,retail,False,1052.6108248142502
9565,retail,False,9227.755797981508
9566,retail,False,17604.984814347838
9567,merchant,False,30455.418645177888
9568,retail,False,1224.9862627860136
9569,retail,False,4398.591107927356
9570,retail,False,5377.816106799839
9571,retail,False,351.14142385632545
9572,retail,False,3719.560192154412
9573,retail,False,12110.954847780444
9574,retail,False,9077.119114340108
9575,retail,False,2399.1475984365215
9576,retail,False,1451.9592090132294
9577,retail,True,15770.149524390145
9578,retail,False,1715.6874841178578
9579,retail,False,2552.2577553854208
9580,retail,False,1648.1534885022347
9581,retail,False,4794.951507838265
9582,retail,False,813.1041985752853
9583,merchant,False,1165.7371548470187
9584,merchant,False,5189.935209318435
9585,merchant,False,40505.02464690929
9586,retail,False,106.85877361092275
9587,retail,False,1644.7111969505886
9588,retail,False,13824.192730734992
9589,retail,False,5693.430896274158
9590,retail,False,8732.866061956018
9591,retail,False,114.18071827966469
9592,merchant,False,16416.67196004314
9593,retail,False,1965.5951430081348
9594,retail,False,9333.748538044014
9595,retail,False,7920.688138881472
9596,retail,False,365.8645306176967
9597,retail,False,1417.6055186117217
9598,retail,False,2833.7760061844997
9599,retail,True,1983.5536575517901
9600,retail,False,22872.002783589363
9601,retail,False,319.19041353555104
9602,retail,True,3627.189426225514
9603,retail,False,2141.265956983632
9604,retail,False,3043.019308291268
9605,merchant,False,28651.239249470884
9606,retail,False,7108.059032734356
9607,retail,False,2942.101103162512
9608,p2p_broker,False,4947.829104963228
9609,retail,False,5106.310340669323
9610,merchant,False,13631.143637399127
9611,retail,False,23190.34805345925
9612,retail,False,1642.498276639526
9613,retail,False,7461.539850542831
9614,retail,True,10605.95723768773
9615,retail,False,1353.4535399276942
9616,retail,False,1573.9758128385556
9617,retail,False,2862.9234998805873
9618,retail,False,15080.911540014022
9619,retail,False,5486.548867994869
9620,retail,False,14.023511462900828
9621,retail,False,1811.1242726891414
9622,merchant,False,25493.957943320373
9623,retail,False,2631.4361018472077
9624,retail,False,4510.20365960351
9625,retail,False,1741.8168164858148
9626,retail,False,106.89852492304209
9627,retail,False,472.0470578459144
9628,merchant,False,3138.821116205086
9629,retail,False,4246.13590887856
9630,retail,False,331.61652076432205
9631,p2p_broker,False,1745.5247715188739
9632,retail,False,20224.447513244442
9633,retail,False,10.573468041944935
9634,retail,False,12535.793916797451
9635,retail,False,17499.6006857471
9636,retail,False,11673.36456460274
9637,merchant,False,15374.736430779649
9638,retail,True,284.4494503632526
9639,retail,False,1920.8272699293113
9640,retail,False,3127.568913160462
9641,retail,False,935.1860480518643
9642,merchant,False,46209.462132457425
9643,retail,False,700.8373857257603
9644,merchant,False,5850.804899761165
9645,retail,False,4444.656890382307
9646,retail,False,6594.784362048626
9647,retail,False,8902.594440994086
9648,retail,True,5370.235935247799
9649,retail,False,594.591466105731
9650,merchant,False,84299.42633080667
9651,merchant,False,4786.972611521586
9652,retail,False,6528.120400926645
9653,retail,False,2839.9007475055237
9654,merchant,False,6989.48305460431
9655,merchant,False,5004.626821960461
9656,retail,False,6900.123402665741
9657,retail,True,3061.265621536757
9658,merchant,False,6411.930431037021
9659,retail,False,3267.546319660639
9660,retail,False,6612.885378607023
9661,retail,False,879.1551594696055
9662,retail,False,7640.146802079222
9663,merchant,False,36663.089560470624
9664,retail,False,649.5704216746308
9665,retail,False,13815.732746482636
9666,p2p_broker,False,7297.676184551563
9667,escrow,False,2938.7810145221356
9668,merchant,False,59124.78543620758
9669,merchant,False,27102.877088342746
9670,retail,False,4822.8082822709275
9671,p2p_broker,False,7826.859585074535
9672,merchant,False,18079.911681126254
9673,retail,False,1143.1926764562832
9674,retail,False,10039.790920274945
9675,retail,False,951.4055667961738
9676,retail,False,2143.745427029342
9677,retail,False,1245.8882551262263
9678,retail,False,11086.513490880227
9679,retail,False,1420.8167311147174
9680,retail,False,10414.750486122
9681,retail,True,15867.442802203213
9682,p2p_broker,False,13630.234875629083
9683,retail,False,1936.93989052461
9684,retail,False,3027.2038918344824
9685,retail,False,4864.870861075713
9686,merchant,False,12146.885885518972
9687,merchant,False,361.0704494028487
9688,retail,False,228.74548563458086
9689,retail,False,1458.8686786921862
9690,retail,False,6422.137318230349
9691,retail,False,445.35525056297126
9692,retail,False,943.2945821982769
9693,retail,False,14360.489860939575
9694,retail,False,3972.7374005538136
9695,retail,False,2006.2123170206496
9696,retail,False,6100.3037033753835
9697,retail,False,3695.7470809280285
9698,retail,False,3441.670812417042
9699,retail,False,4228.48436851855
9700,retail,False,3593.6670393183745
9701,retail,False,4292.79853714295
9702,p2p_broker,False,3658.2533675397353
9703,retail,True,1526.4865283990769
9704,retail,False,17364.175490580346
9705,retail,False,6319.7057809598355
9706,retail,False,477.7528335662259
9707,merchant,False,31655.7477270514
9708,retail,False,127.25493208269111
9709,retail,False,4809.710939822347
9710,merchant,False,613.5373103599395
9711,retail,False,629.628381005856
9712,merchant,False,15649.881728075212
9713,retail,False,1418.6713788577918
9714,retail,False,181.80351125752813
9715,retail,False,6409.837528622625
9716,retail,False,14047.176753898677
9717,retail,True,4420.405902126864
9718,merchant,False,14196.504824584377
9719,retail,False,51302.90250288533
9720,retail,True,11350.60331323657
9721,p2p_broker,False,9787.294210530237
9722,retail,False,2437.945158237699
9723,retail,False,3010.8607641373546
9724,retail,False,516.8316486680254
9725,merchant,False,9027.27258199411
9726,retail,True,3177.445754813016
9727,retail,False,4637.583325317891
9728,retail,False,4294.006784907289
9729,merchant,False,7155.74708345706
9730,retail,False,11447.670215766873
9731,retail,False,6296.386109467803
9732,escrow,False,11512.130491494865
9733,retail,False,6872.857829057544
9734,retail,False,3633.822075331474
9735,retail,False,2076.7795327659305
9736,retail,False,25895.276107812053
9737,retail,False,7543.77467100745
9738,retail,False,1674.7321863464454
9739,retail,False,6189.823566294332
9740,retail,False,5122.351408876662
9741,retail,False,1594.1382332918183
9742,retail,False,12595.632756542487
9743,retail,True,10377.838594351544
9744,merchant,False,2704.9768477785005
9745,retail,False,6248.1858721440985
9746,retail,False,101.60141055203806
9747,merchant,False,10980.777021914815
9748,merchant,False,36099.23188495686
9749,retail,False,2179.2419924387987
9750,p2p_broker,False,27345.50813783898
9751,merchant,False,6543.1026701173905
9752,retail,False,2565.1821340531274
9753,retail,False,1706.078210879031
9754,retail,False,1030.131690673366
9755,retail,False,362.02413954275806
9756,retail,False,2.784454790090841
9757,retail,True,4719.309225924052
9758,retail,False,101.8195176647769
9759,retail,False,1564.385770871199
9760,merchant,False,17802.892547211406
9761,retail,False,9813.1438951489
9762,retail,True,2124.445711455025
9763,retail,True,1685.8900874203123
9764,retail,False,3745.127324653518
9765,retail,False,2465.8093274555213
9766,retail,False,10024.8993268433
9767,retail,False,13439.592310152626
9768,retail,False,230.96585862270217
9769,retail,True,2256.9344462621134
9770,retail,False,4616.84371446267
9771,retail,False,606.6275793861822
9772,retail,False,175.27954447948514
9773,retail,False,574.952873157579
9774,retail,False,232.67227674123302
9775,retail,False,236.64996790423277
9776,retail,False,60152.966139766315
9777,retail,False,1018.5538037457418
9778,retail,True,3894.995592012314
9779,merchant,False,5172.949648767936
9780,retail,False,4712.903423794065
9781,retail,False,6198.9909155545
9782,retail,False,232.11528141091327
9783,retail,False,6062.816092881999
9784,retail,False,3498.9487331524483
9785,retail,False,15287.224038148897
9786,retail,False,722.4288556823553
9787,retail,False,6926.648800049317
9788,retail,False,323.5344420373643
9789,merchant,False,9769.823116150259
9790,retail,False,4895.130551217657
9791,retail,False,1898.5249171643402
9792,retail,False,323.3894985377414
9793,retail,False,2075.0448161041268
9794,retail,True,17982.813500029653
9795,retail,False,2990.3814736108147
9796,retail,False,6128.637483470426
9797,retail,True,19274.951023494956
9798,retail,False,8407.587772672361
9799,retail,True,1788.0149095085485
9800,retail,False,1794.8713101146222
9801,retail,True,7777.486728746656
9802,retail,False,2131.3326042123254
9803,retail,False,306.323695509358
9804,retail,False,3441.21954953753
9805,merchant,False,6150.254018837454
9806,retail,False,45316.351415577694
9807,retail,True,2762.7952082298666
9808,retail,False,561.7765357449903
9809,retail,False,12215.965829214218
9810,retail,False,1937.1381229284216
9811,retail,False,1939.8620127948184
9812,retail,False,3440.5210245750013
9813,retail,True,3059.5776280025552
9814,p2p_broker,False,8055.163965302621
9815,retail,False,21983.1735528419
9816,retail,True,1723.4407676586623
9817,retail,False,12402.362351413589
9818,retail,False,8253.84540495339
9819,merchant,False,5498.5807045067395
9820,merchant,False,13962.99670164257
9821,merchant,False,51977.754062600055
9822,retail,False,53.80912377130287
9823,retail,False,6867.956039052544
9824,retail,False,1259.878290892552
9825,retail,False,32.97158004068546
9826,merchant,False,9573.579102474825
9827,retail,False,1923.721520590051
9828,retail,False,1169.5128806381508
9829,retail,False,7261.725624003523
9830,retail,False,2036.6789107392865
9831,retail,False,3181.7342448070303
9832,retail,False,2842.9182068655828
9833,retail,False,4979.284461193617
9834,merchant,False,9952.434135072665
9835,retail,False,92.35903479030901
9836,retail,True,1137.410699743798
9837,retail,False,1997.7055373507596
9838,merchant,False,13415.534973633854
9839,p2p_broker,False,17143.017328281607
9840,retail,False,2619.3298073101546
9841,retail,False,2572.0294557223406
9842,retail,False,5751.6116509416825
9843,retail,False,5493.700203056621
9844,retail,False,2144.95121082228
9845,retail,False,1298.7875484957244
9846,merchant,False,1855.3023067064428
9847,retail,False,859.9894814165923
9848,retail,False,2952.8415562116893
9849,retail,False,192.11492238755545
9850,retail,False,4609.286264508995
9851,retail,False,7256.96885598162
9852,retail,False,5346.762984369263
9853,retail,False,227.65548316169975
9854,retail,False,4540.056397503804
9855,retail,False,3027.5070340582847
9856,retail,False,502.021408634514
9857,retail,False,9441.228901983977
9858,retail,False,5084.24074040839
9859,retail,False,15704.633727856446
9860,retail,False,3630.275654435296
9861,retail,False,164.93728847764027
9862,retail,False,11724.911258019663
9863,merchant,False,23773.627244875886
9864,retail,False,9208.447759039162
9865,retail,False,3926.3353080694023
9866,retail,False,11025.015598113976
9867,retail,True,2182.0405921552874
9868,retail,False,810.9811986839567
9869,merchant,False,10009.189875287468
9870,retail,False,297.36849005628784
9871,merchant,False,3651.6528107231115
9872,retail,False,8711.425874354147
9873,retail,False,48684.35097719159
9874,retail,False,19842.173406211896
9875,retail,False,2956.0795818225197
9876,merchant,False,18544.631813897737
9877,merchant,False,21523.2820851421
9878,retail,False,818.0904326358306
9879,retail,False,28365.553324835833
9880,retail,True,4534.857389532435
9881,retail,False,6940.738722678286
9882,retail,False,2557.7250059276985
9883,retail,False,4382.118375061834
9884,retail,False,16808.653427290305
9885,merchant,False,12358.11387471966
9886,retail,False,5044.025032796527
9887,retail,False,24966.1255531704
9888,retail,False,7566.073557249375
9889,merchant,False,3330.617007298968
9890,retail,False,1489.3348134701173
9891,retail,False,4697.126096326494
9892,retail,False,3647.632369805474
9893,merchant,False,3345.115537631309
9894,retail,False,2071.025611870318
9895,merchant,False,13659.296397636224
9896,retail,False,2591.7951944669803
9897,retail,False,7239.89536892771
9898,retail,False,1448.3832585561531
9899,merchant,False,7793.636434486849
9900,retail,True,6756.717611834186
9901,retail,False,15457.767237729526
9902,retail,False,2238.8740593518755
9903,retail,False,3024.0868473024693
9904,retail,False,2025.4927513381651
9905,retail,False,1449.2865138023385
9906,retail,False,6159.875619579736
9907,retail,False,856.3974518555407
9908,retail,False,5746.8245752030425
9909,merchant,False,301.32814478357614
9910,retail,True,10359.1750459209
9911,retail,False,1409.598105618291
9912,merchant,False,27564.735695644307
9913,retail,False,4864.166731759212
9914,retail,False,794.3954707606666
9915,retail,False,164.00424187201153
9916,retail,True,4260.454297578934
9917,retail,True,2345.0667737900912
9918,retail,False,11328.336859934247
9919,merchant,False,4788.423268287819
9920,retail,False,1143.0311633539352
9921,retail,False,8519.920872737202
9922,retail,False,12156.366618823899
9923,retail,False,4650.459010719067
9924,retail,False,1301.17441393962
9925,p2p_broker,False,7294.464379997881
9926,retail,False,3174.0752620535177
9927,retail,False,10254.73370534616
9928,retail,False,5678.235313293804
9929,retail,False,6953.725327162227
9930,retail,False,1862.3608928455278
9931,retail,False,1806.2159166670917
9932,retail,False,4093.010456032879
9933,retail,False,1353.1841580790808
9934,merchant,False,4481.521433583534
9935,retail,False,1613.9608445389076
9936,retail,False,206.09997224205196
9937,retail,False,7858.693342623741
9938,retail,True,12874.69495232216
9939,retail,False,3279.8395745586477
9940,merchant,False,3681.433414312042
9941,retail,False,2531.4763287997193
9942,retail,False,11054.205680022627
9943,retail,False,855.0840930635246
9944,retail,False,1417.8076176225923
9945,retail,False,76.81609214497628
9946,merchant,False,7457.450898593531
9947,retail,False,1245.11077292944
9948,retail,True,969.8892390857623
9949,retail,False,3119.654249358563
9950,retail,False,6532.120675389962
9951,escrow,False,700.4472947106965
9952,merchant,False,1971.7579318144428
9953,retail,False,69.15075817996498
9954,retail,False,9739.601369625047
9955,retail,False,7035.078700072833
9956,retail,False,1389.8562838434677
9957,retail,True,6649.446649480347
9958,retail,False,711.8935019139084
9959,retail,False,1175.45457176795
9960,retail,False,4474.148218497697
9961,retail,False,2256.5026161852106
9962,retail,False,15661.08360368207
9963,p2p_broker,False,23199.20903293367
9964,retail,False,4513.950414161661
9965,retail,False,2717.6976160213185
9966,retail,False,12223.803759185024
9967,retail,False,966.4296900483732
9968,retail,False,4266.042122111304
9969,retail,False,7256.446255153766
9970,retail,False,4873.86146320792
9971,retail,False,400.0727189101771
9972,p2p_broker,False,111.26549543916008
9973,retail,False,6357.715598758294
9974,retail,False,8215.12118472121
9975,retail,False,995.2679092600973
9976,retail,False,243.14726246731783
9977,merchant,False,12846.547386153
9978,retail,True,19964.408079433073
9979,retail,False,10369.254165051108
9980,retail,False,50.92953028456697
9981,retail,False,3253.4675546181766
9982,p2p_broker,False,219.07710941800542
9983,retail,True,2014.5560103433286
9984,retail,False,501.3181305071218
9985,p2p_broker,False,7839.856743275568
9986,merchant,False,66.22903070299071
9987,merchant,False,26170.361094754386
9988,retail,False,4910.770104684807
9989,retail,False,3819.20146227048
9990,retail,False,115.53588451492983
9991,retail,False,4876.105042467728
9992,retail,False,4002.8152916074873
9993,retail,False,10021.98612711154
9994,retail,False,3108.0189469209718
9995,retail,False,2675.9969015072456
9996,retail,False,6408.968888935154
9997,retail,False,1889.0007104572724
9998,retail,False,6624.620855672371
9999,retail,False,8161.61393230871
